family_id,restaurant,income,cost,kids,rating,distance,chosen
1,"Freebirds",39,5.444695,1,0,1.245553,1
1,"MamasPizza",39,6.19446,1,1,2.82493,0
1,"CafeEccell",39,8.182085,1,2,4.21293,0
1,"LosNortenos",39,9.861741,1,3,4.167634,0
1,"WingsNmore",39,9.667909,1,2,6.330531,0
1,"Christophers",39,25.95777,1,4,10.19829,0
1,"MadCows",39,28.99846,1,5,5.601388,0
2,"Freebirds",58,5.26874,3,0,4.162657,0
2,"MamasPizza",58,5.728618,3,1,2.865081,0
2,"CafeEccell",58,7.054855,3,2,5.337799,0
2,"LosNortenos",58,10.78514,3,3,4.282864,1
2,"WingsNmore",58,8.313948,3,2,8.133914,0
2,"Christophers",58,21.2801,3,4,8.664631,0
2,"MadCows",58,25.87567,3,5,9.119597,0
3,"Freebirds",30,4.616315,3,0,2.112586,1
3,"MamasPizza",30,5.992166,3,1,2.215329,0
3,"CafeEccell",30,7.980528,3,2,6.978715,0
3,"LosNortenos",30,10.0605,3,3,5.117877,0
3,"WingsNmore",30,8.76644,3,2,5.312941,0
3,"Christophers",30,23.64499,3,4,9.551273,0
3,"MadCows",30,24.72128,3,5,5.539806,0
4,"Freebirds",24,4.974085,5,0,2.401803,0
4,"MamasPizza",24,6.244085,5,1,2.059263,0
4,"CafeEccell",24,8.451072,5,2,4.944536,0
4,"LosNortenos",24,10.14855,5,3,4.783116,1
4,"WingsNmore",24,9.105867,5,2,5.897751,0
4,"Christophers",24,22.22009,5,4,7.547688,0
4,"MadCows",24,26.61075,5,5,7.36597,0
5,"Freebirds",35,4.681487,0,0,2.669857,1
5,"MamasPizza",35,6.325174,0,1,4.312208,0
5,"CafeEccell",35,7.587141,0,2,4.816533,0
5,"LosNortenos",35,10.04325,0,3,4.730175,0
5,"WingsNmore",35,9.46889,0,2,5.296418,0
5,"Christophers",35,25.24608,0,4,6.08509,0
5,"MadCows",35,23.20879,0,5,5.77845,0
6,"Freebirds",56,4.707841,3,0,2.356887,0
6,"MamasPizza",56,5.993117,3,1,1.83405,0
6,"CafeEccell",56,8.1435,3,2,3.849249,0
6,"LosNortenos",56,9.984689,3,3,5.09539,1
6,"WingsNmore",56,8.187263,3,2,6.118349,0
6,"Christophers",56,28.49315,3,4,6.469848,0
6,"MadCows",56,28.45573,3,5,7.312015,0
7,"Freebirds",37,4.835156,4,0,1.753938,0
7,"MamasPizza",37,5.687335,4,1,4.081307,0
7,"CafeEccell",37,8.265217,4,2,5.682383,0
7,"LosNortenos",37,10.07168,4,3,5.911794,1
7,"WingsNmore",37,8.385334,4,2,6.303262,0
7,"Christophers",37,24.72002,4,4,6.858522,0
7,"MadCows",37,24.90776,4,5,9.304887,0
8,"Freebirds",55,4.751024,2,0,2.615189,0
8,"MamasPizza",55,6.026827,2,1,5.661064,0
8,"CafeEccell",55,8.854009,2,2,4.549314,0
8,"LosNortenos",55,10.04013,2,3,6.071213,0
8,"WingsNmore",55,9.874514,2,2,2.955053,0
8,"Christophers",55,26.79387,2,4,8.437088,0
8,"MadCows",55,27.91837,2,5,6.404587,1
9,"Freebirds",56,5.287639,4,0,1.960882,0
9,"MamasPizza",56,6.071042,4,1,2.881612,0
9,"CafeEccell",56,7.785817,4,2,7.662911,0
9,"LosNortenos",56,9.397799,4,3,3.707221,1
9,"WingsNmore",56,9.271571,4,2,5.804771,0
9,"Christophers",56,23.94599,4,4,5.862426,0
9,"MadCows",56,27.19673,4,5,7.48509,0
10,"Freebirds",31,5.005994,3,0,2.417216,0
10,"MamasPizza",31,6.203534,3,1,3.542277,0
10,"CafeEccell",31,7.78687,3,2,5.07651,1
10,"LosNortenos",31,9.218381,3,3,6.481695,0
10,"WingsNmore",31,9.660933,3,2,4.881375,0
10,"Christophers",31,27.41074,3,4,5.034767,0
10,"MadCows",31,24.37724,3,5,3.793746,0
11,"Freebirds",27,5.452056,1,0,1.606582,0
11,"MamasPizza",27,6.28294,1,1,2.298894,0
11,"CafeEccell",27,8.278271,1,2,3.689026,1
11,"LosNortenos",27,8.839679,1,3,5.637371,0
11,"WingsNmore",27,9.861233,1,2,4.791333,0
11,"Christophers",27,23.50906,1,4,10.39662,0
11,"MadCows",27,26.91783,1,5,5.545652,0
12,"Freebirds",63,5.173029,3,0,4.017649,0
12,"MamasPizza",63,5.64274,3,1,5.426819,0
12,"CafeEccell",63,8.579724,3,2,3.688593,0
12,"LosNortenos",63,9.936882,3,3,4.068739,0
12,"WingsNmore",63,8.506429,3,2,5.414464,0
12,"Christophers",63,23.46028,3,4,8.89451,0
12,"MadCows",63,22.69386,3,5,2.844533,1
13,"Freebirds",39,5.247812,2,0,2.223717,0
13,"MamasPizza",39,6.535502,2,1,4.674585,1
13,"CafeEccell",39,7.930342,2,2,4.680051,0
13,"LosNortenos",39,9.949331,2,3,5.465814,0
13,"WingsNmore",39,9.064109,2,2,5.164996,0
13,"Christophers",39,26.02539,2,4,8.304291,0
13,"MadCows",39,26.12362,2,5,7.506955,0
14,"Freebirds",47,4.864831,3,0,1.954611,0
14,"MamasPizza",47,6.007812,3,1,3.607306,0
14,"CafeEccell",47,7.675453,3,2,2.535548,1
14,"LosNortenos",47,10.17962,3,3,4.604497,0
14,"WingsNmore",47,8.690594,3,2,3.165001,0
14,"Christophers",47,24.42316,3,4,7.167167,0
14,"MadCows",47,25.32762,3,5,8.66544,0
15,"Freebirds",25,5.156423,3,0,2.51809,0
15,"MamasPizza",25,5.805818,3,1,3.858054,0
15,"CafeEccell",25,8.707621,3,2,5.379271,1
15,"LosNortenos",25,10.65668,3,3,2.251309,0
15,"WingsNmore",25,9.144135,3,2,5.165916,0
15,"Christophers",25,23.03586,3,4,6.456976,0
15,"MadCows",25,27.46992,3,5,5.407147,0
16,"Freebirds",26,5.178916,4,0,2.439504,0
16,"MamasPizza",26,6.148394,4,1,3.209467,0
16,"CafeEccell",26,7.814251,4,2,4.794864,0
16,"LosNortenos",26,10.59268,4,3,5.02115,0
16,"WingsNmore",26,8.669761,4,2,5.884111,1
16,"Christophers",26,25.75213,4,4,5.893166,0
16,"MadCows",26,25.43168,4,5,5.731794,0
17,"Freebirds",10,4.820215,1,0,4.043097,0
17,"MamasPizza",10,5.925664,1,1,1.809203,0
17,"CafeEccell",10,8.725833,1,2,5.837332,0
17,"LosNortenos",10,9.559416,1,3,6.085522,1
17,"WingsNmore",10,9.073495,1,2,5.837905,0
17,"Christophers",10,24.52588,1,4,8.237476,0
17,"MadCows",10,23.61596,1,5,7.09479,0
18,"Freebirds",27,5.515893,4,0,1.7924,0
18,"MamasPizza",27,6.623777,4,1,2.480639,0
18,"CafeEccell",27,8.631879,4,2,4.054198,1
18,"LosNortenos",27,10.14892,4,3,6.878237,0
18,"WingsNmore",27,8.933044,4,2,4.495041,0
18,"Christophers",27,21.81801,4,4,5.143762,0
18,"MadCows",27,26.33891,4,5,5.90266,0
19,"Freebirds",78,5.321938,2,0,1.067795,0
19,"MamasPizza",78,5.773541,2,1,3.396574,0
19,"CafeEccell",78,8.438838,2,2,5.941682,0
19,"LosNortenos",78,9.646501,2,3,3.884347,0
19,"WingsNmore",78,9.203127,2,2,4.767535,0
19,"Christophers",78,26.61072,2,4,4.496842,1
19,"MadCows",78,25.89593,2,5,4.238017,0
20,"Freebirds",57,5.003969,3,0,3.709527,0
20,"MamasPizza",57,5.957161,3,1,2.905819,0
20,"CafeEccell",57,8.624491,3,2,4.169166,0
20,"LosNortenos",57,10.08577,3,3,3.528512,0
20,"WingsNmore",57,9.68727,3,2,3.781964,0
20,"Christophers",57,28.53974,3,4,9.514297,0
20,"MadCows",57,27.81308,3,5,2.33196,1
21,"Freebirds",29,4.849237,0,0,2.95753,0
21,"MamasPizza",29,5.759102,0,1,1.26712,0
21,"CafeEccell",29,7.871823,0,2,4.850929,0
21,"LosNortenos",29,10.05694,0,3,7.283403,0
21,"WingsNmore",29,8.754173,0,2,1.794272,1
21,"Christophers",29,25.44971,0,4,7.408453,0
21,"MadCows",29,27.14499,0,5,7.40977,0
22,"Freebirds",42,5.060841,2,0,3.168004,0
22,"MamasPizza",42,6.000257,2,1,4.08844,0
22,"CafeEccell",42,8.01345,2,2,9.098752,0
22,"LosNortenos",42,10.45906,2,3,4.185899,0
22,"WingsNmore",42,8.877247,2,2,3.741192,1
22,"Christophers",42,30.76438,2,4,12.59985,0
22,"MadCows",42,26.16848,2,5,6.073266,0
23,"Freebirds",10,5.082226,3,0,2.715482,0
23,"MamasPizza",10,5.949166,3,1,3.61124,0
23,"CafeEccell",10,7.303662,3,2,7.189017,1
23,"LosNortenos",10,9.1205,3,3,1.63477,0
23,"WingsNmore",10,9.350504,3,2,5.875214,0
23,"Christophers",10,22.37582,3,4,9.673733,0
23,"MadCows",10,26.7768,3,5,6.85813,0
24,"Freebirds",48,5.006703,4,0,1.941899,0
24,"MamasPizza",48,6.018422,4,1,2.553536,0
24,"CafeEccell",48,7.963959,4,2,4.805525,0
24,"LosNortenos",48,10.4175,4,3,5.613403,1
24,"WingsNmore",48,9.666764,4,2,6.175363,0
24,"Christophers",48,24.13053,4,4,7.040318,0
24,"MadCows",48,24.76371,4,5,9.307414,0
25,"Freebirds",56,5.174783,4,0,1.256428,0
25,"MamasPizza",56,5.71139,4,1,3.571303,0
25,"CafeEccell",56,7.630015,4,2,6.108068,0
25,"LosNortenos",56,10.00535,4,3,4.107169,0
25,"WingsNmore",56,8.639242,4,2,4.867347,1
25,"Christophers",56,26.82152,4,4,9.290244,0
25,"MadCows",56,27.67114,4,5,6.372111,0
26,"Freebirds",10,4.875257,4,0,3.269163,0
26,"MamasPizza",10,5.834739,4,1,2.596107,0
26,"CafeEccell",10,8.927006,4,2,5.395736,0
26,"LosNortenos",10,10.95272,4,3,5.35479,0
26,"WingsNmore",10,8.952352,4,2,3.550243,1
26,"Christophers",10,24.22645,4,4,3.434028,0
26,"MadCows",10,28.28185,4,5,8.643887,0
27,"Freebirds",43,5.247008,2,0,4.004489,0
27,"MamasPizza",43,6.443885,2,1,3.37865,0
27,"CafeEccell",43,8.392149,2,2,5.372983,0
27,"LosNortenos",43,10.30487,2,3,7.348588,1
27,"WingsNmore",43,9.274202,2,2,4.466986,0
27,"Christophers",43,25.43111,2,4,6.3072,0
27,"MadCows",43,26.51317,2,5,5.54535,0
28,"Freebirds",20,5.340866,5,0,4.670734,0
28,"MamasPizza",20,6.052805,5,1,1.976784,0
28,"CafeEccell",20,7.853164,5,2,5.890694,1
28,"LosNortenos",20,9.829086,5,3,6.224827,0
28,"WingsNmore",20,9.00213,5,2,2.759737,0
28,"Christophers",20,25.11191,5,4,6.70443,0
28,"MadCows",20,29.5519,5,5,4.324644,0
29,"Freebirds",58,5.194774,4,0,4.30253,0
29,"MamasPizza",58,6.451877,4,1,3.200693,0
29,"CafeEccell",58,7.757116,4,2,3.414196,1
29,"LosNortenos",58,10.17679,4,3,5.969418,0
29,"WingsNmore",58,9.159799,4,2,3.990247,0
29,"Christophers",58,23.58072,4,4,6.70013,0
29,"MadCows",58,29.71976,4,5,6.891915,0
30,"Freebirds",41,4.963396,3,0,1.734939,0
30,"MamasPizza",41,6.004598,3,1,4.20707,0
30,"CafeEccell",41,7.571823,3,2,4.714964,0
30,"LosNortenos",41,9.997229,3,3,5.533184,0
30,"WingsNmore",41,9.701747,3,2,7.133533,1
30,"Christophers",41,24.61204,3,4,6.273481,0
30,"MadCows",41,29.71285,3,5,7.155788,0
31,"Freebirds",84,4.876366,6,0,3.347508,0
31,"MamasPizza",84,5.718524,6,1,.7810015,0
31,"CafeEccell",84,7.283978,6,2,8.165988,0
31,"LosNortenos",84,9.489125,6,3,6.170512,1
31,"WingsNmore",84,8.528645,6,2,5.317797,0
31,"Christophers",84,21.54784,6,4,3.842847,0
31,"MadCows",84,24.29941,6,5,11.11024,0
32,"Freebirds",45,5.026618,2,0,3.286031,0
32,"MamasPizza",45,6.161473,2,1,3.692284,0
32,"CafeEccell",45,8.26183,2,2,4.674109,0
32,"LosNortenos",45,10.13782,2,3,4.943237,0
32,"WingsNmore",45,9.115051,2,2,6.998274,0
32,"Christophers",45,22.76441,2,4,7.906633,0
32,"MadCows",45,27.53424,2,5,5.946396,1
33,"Freebirds",10,4.437082,1,0,3.40286,0
33,"MamasPizza",10,5.881523,1,1,2.093838,0
33,"CafeEccell",10,7.573114,1,2,7.482416,0
33,"LosNortenos",10,9.616412,1,3,5.492748,1
33,"WingsNmore",10,9.80597,1,2,5.138642,0
33,"Christophers",10,26.37337,1,4,7.621079,0
33,"MadCows",10,23.81382,1,5,9.021073,0
34,"Freebirds",40,5.101104,2,0,5.479042,0
34,"MamasPizza",40,5.226403,2,1,1.902341,0
34,"CafeEccell",40,7.784675,2,2,3.791795,0
34,"LosNortenos",40,9.785319,2,3,5.923803,1
34,"WingsNmore",40,8.628245,2,2,6.936456,0
34,"Christophers",40,24.2135,2,4,6.621146,0
34,"MadCows",40,26.37173,2,5,4.986762,0
35,"Freebirds",37,4.627741,4,0,1.726928,0
35,"MamasPizza",37,6.046776,4,1,4.289227,1
35,"CafeEccell",37,7.159785,4,2,5.017073,0
35,"LosNortenos",37,11.12101,4,3,6.219872,0
35,"WingsNmore",37,8.96137,4,2,6.297899,0
35,"Christophers",37,26.65024,4,4,8.776297,0
35,"MadCows",37,28.53097,4,5,7.242753,0
36,"Freebirds",46,4.697673,4,0,4.570864,0
36,"MamasPizza",46,6.266597,4,1,2.364221,0
36,"CafeEccell",46,7.429207,4,2,7.090432,1
36,"LosNortenos",46,9.577543,4,3,4.851486,0
36,"WingsNmore",46,8.90195,4,2,4.834666,0
36,"Christophers",46,27.29591,4,4,6.484397,0
36,"MadCows",46,29.13211,4,5,9.637782,0
37,"Freebirds",70,5.279223,2,0,2.258718,0
37,"MamasPizza",70,5.680821,2,1,2.274249,0
37,"CafeEccell",70,8.474752,2,2,4.431726,0
37,"LosNortenos",70,10.33037,2,3,4.526663,0
37,"WingsNmore",70,8.790586,2,2,6.192782,1
37,"Christophers",70,27.22614,2,4,5.546569,0
37,"MadCows",70,28.5521,2,5,5.254791,0
38,"Freebirds",36,4.761137,1,0,2.005853,0
38,"MamasPizza",36,6.1861,1,1,4.126204,0
38,"CafeEccell",36,7.720473,1,2,4.511489,0
38,"LosNortenos",36,9.335488,1,3,5.157606,0
38,"WingsNmore",36,8.099918,1,2,4.373291,1
38,"Christophers",36,25.24711,1,4,2.961251,0
38,"MadCows",36,31.21171,1,5,10.37494,0
39,"Freebirds",39,4.788476,2,0,3.464931,0
39,"MamasPizza",39,6.048403,2,1,4.254659,0
39,"CafeEccell",39,8.657785,2,2,4.680506,1
39,"LosNortenos",39,8.889733,2,3,6.526253,0
39,"WingsNmore",39,9.928957,2,2,4.358019,0
39,"Christophers",39,24.68304,2,4,7.692234,0
39,"MadCows",39,25.74635,2,5,9.159653,0
40,"Freebirds",56,5.379154,4,0,4.971954,0
40,"MamasPizza",56,6.113881,4,1,4.42114,0
40,"CafeEccell",56,7.278994,4,2,4.478143,0
40,"LosNortenos",56,9.61626,4,3,4.732261,1
40,"WingsNmore",56,8.751692,4,2,5.938535,0
40,"Christophers",56,25.72649,4,4,6.035429,0
40,"MadCows",56,26.80978,4,5,8.233768,0
41,"Freebirds",74,4.487455,1,0,1.550118,0
41,"MamasPizza",74,6.461582,1,1,3.450003,0
41,"CafeEccell",74,7.46864,1,2,3.840336,0
41,"LosNortenos",74,9.574166,1,3,5.030517,0
41,"WingsNmore",74,9.854265,1,2,2.704647,0
41,"Christophers",74,26.64795,1,4,6.311168,1
41,"MadCows",74,32.14653,1,5,9.70135,0
42,"Freebirds",17,4.94161,2,0,1.772915,1
42,"MamasPizza",17,5.905704,2,1,3.033731,0
42,"CafeEccell",17,8.287978,2,2,5.083724,0
42,"LosNortenos",17,9.805676,2,3,5.155436,0
42,"WingsNmore",17,9.314246,2,2,6.310095,0
42,"Christophers",17,27.09623,2,4,10.09575,0
42,"MadCows",17,26.59145,2,5,7.264963,0
43,"Freebirds",30,4.951198,3,0,4.197508,0
43,"MamasPizza",30,6.65567,3,1,3.246627,0
43,"CafeEccell",30,7.455199,3,2,5.26844,1
43,"LosNortenos",30,11.07967,3,3,5.291314,0
43,"WingsNmore",30,9.307995,3,2,6.456836,0
43,"Christophers",30,27.69919,3,4,7.152807,0
43,"MadCows",30,30.52225,3,5,5.009,0
44,"Freebirds",37,5.057628,1,0,3.284427,0
44,"MamasPizza",37,5.441555,1,1,2.308409,0
44,"CafeEccell",37,7.945731,1,2,3.900268,1
44,"LosNortenos",37,11.27949,1,3,5.945418,0
44,"WingsNmore",37,8.439527,1,2,2.706321,0
44,"Christophers",37,21.79896,1,4,6.417755,0
44,"MadCows",37,26.07016,1,5,6.533503,0
45,"Freebirds",36,6.03983,1,0,2.871799,0
45,"MamasPizza",36,5.823088,1,1,3.824546,0
45,"CafeEccell",36,8.457343,1,2,5.541662,0
45,"LosNortenos",36,9.605594,1,3,4.911053,1
45,"WingsNmore",36,8.760888,1,2,4.464078,0
45,"Christophers",36,25.42412,1,4,9.387304,0
45,"MadCows",36,32.21008,1,5,9.93559,0
46,"Freebirds",40,4.913082,2,0,1.908079,1
46,"MamasPizza",40,5.687091,2,1,2.720102,0
46,"CafeEccell",40,8.735716,2,2,5.084849,0
46,"LosNortenos",40,9.498985,2,3,3.219836,0
46,"WingsNmore",40,8.89343,2,2,2.970404,0
46,"Christophers",40,24.36452,2,4,6.627638,0
46,"MadCows",40,23.58029,2,5,7.009925,0
47,"Freebirds",36,5.153027,2,0,2.369802,0
47,"MamasPizza",36,6.469071,2,1,4.031909,0
47,"CafeEccell",36,7.437509,2,2,3.988652,1
47,"LosNortenos",36,10.61856,2,3,3.892709,0
47,"WingsNmore",36,9.312389,2,2,5.797832,0
47,"Christophers",36,26.49091,2,4,7.921298,0
47,"MadCows",36,29.53155,2,5,7.911461,0
48,"Freebirds",10,4.814833,4,0,3.04861,0
48,"MamasPizza",10,5.694825,4,1,2.243046,0
48,"CafeEccell",10,7.948142,4,2,2.071386,1
48,"LosNortenos",10,9.028129,4,3,5.34338,0
48,"WingsNmore",10,8.38517,4,2,3.05731,0
48,"Christophers",10,26.5373,4,4,6.216144,0
48,"MadCows",10,22.2718,4,5,8.120734,0
49,"Freebirds",75,5.337309,3,0,2.850226,0
49,"MamasPizza",75,5.545482,3,1,3.362514,1
49,"CafeEccell",75,7.88444,3,2,4.409029,0
49,"LosNortenos",75,10.3381,3,3,5.821523,0
49,"WingsNmore",75,9.321054,3,2,5.469864,0
49,"Christophers",75,24.70185,3,4,6.48476,0
49,"MadCows",75,25.30981,3,5,5.268611,0
50,"Freebirds",35,4.706947,1,0,3.489795,0
50,"MamasPizza",35,6.508385,1,1,3.259144,0
50,"CafeEccell",35,7.338938,1,2,5.490939,0
50,"LosNortenos",35,10.67757,1,3,4.986682,0
50,"WingsNmore",35,9.579054,1,2,3.584665,1
50,"Christophers",35,24.60409,1,4,5.309185,0
50,"MadCows",35,25.63987,1,5,11.63007,0
51,"Freebirds",10,4.895221,3,0,3.600689,0
51,"MamasPizza",10,6.091611,3,1,2.013433,0
51,"CafeEccell",10,7.728446,3,2,6.715259,0
51,"LosNortenos",10,10.7975,3,3,4.989388,1
51,"WingsNmore",10,9.116051,3,2,5.498467,0
51,"Christophers",10,23.81312,3,4,10.42946,0
51,"MadCows",10,25.1063,3,5,5.187932,0
52,"Freebirds",41,4.781469,2,0,.3529477,0
52,"MamasPizza",41,6.168193,2,1,3.15597,0
52,"CafeEccell",41,8.41506,2,2,4.723913,0
52,"LosNortenos",41,10.6373,2,3,4.524069,0
52,"WingsNmore",41,8.044778,2,2,6.16537,1
52,"Christophers",41,26.14671,2,4,4.292065,0
52,"MadCows",41,28.7335,2,5,9.135745,0
53,"Freebirds",47,5.522242,4,0,2.74938,0
53,"MamasPizza",47,6.503445,4,1,3.206209,0
53,"CafeEccell",47,7.132656,4,2,5.007447,1
53,"LosNortenos",47,10.28369,4,3,4.929292,0
53,"WingsNmore",47,8.270343,4,2,5.831448,0
53,"Christophers",47,23.77403,4,4,5.659741,0
53,"MadCows",47,27.91688,4,5,6.619205,0
54,"Freebirds",29,4.809278,5,0,3.757065,0
54,"MamasPizza",29,6.221842,5,1,1.852168,0
54,"CafeEccell",29,8.124888,5,2,5.104823,0
54,"LosNortenos",29,10.59653,5,3,7.237356,0
54,"WingsNmore",29,8.289507,5,2,3.530439,1
54,"Christophers",29,26.18394,5,4,3.717265,0
54,"MadCows",29,21.38577,5,5,7.050783,0
55,"Freebirds",63,4.98473,4,0,2.576536,0
55,"MamasPizza",63,5.792445,4,1,3.145141,0
55,"CafeEccell",63,7.522319,4,2,5.494589,0
55,"LosNortenos",63,10.19456,4,3,5.832427,0
55,"WingsNmore",63,9.154716,4,2,5.542915,0
55,"Christophers",63,25.66334,4,4,8.373789,0
55,"MadCows",63,26.52392,4,5,7.890378,1
56,"Freebirds",47,5.326409,1,0,1.501396,0
56,"MamasPizza",47,5.931963,1,1,4.566566,0
56,"CafeEccell",47,8.011374,1,2,3.913001,0
56,"LosNortenos",47,9.930536,1,3,3.953311,1
56,"WingsNmore",47,9.275458,1,2,7.836783,0
56,"Christophers",47,25.01115,1,4,8.029248,0
56,"MadCows",47,26.49386,1,5,8.651391,0
57,"Freebirds",46,4.915247,4,0,2.713146,0
57,"MamasPizza",46,5.721216,4,1,2.37964,0
57,"CafeEccell",46,7.813568,4,2,3.542847,0
57,"LosNortenos",46,9.517611,4,3,3.484406,0
57,"WingsNmore",46,8.731356,4,2,6.53335,0
57,"Christophers",46,24.6949,4,4,7.320968,1
57,"MadCows",46,30.98293,4,5,6.665224,0
58,"Freebirds",39,4.514223,4,0,2.158021,0
58,"MamasPizza",39,5.642078,4,1,3.038855,0
58,"CafeEccell",39,7.445323,4,2,3.315448,0
58,"LosNortenos",39,9.837622,4,3,3.183022,1
58,"WingsNmore",39,8.745356,4,2,3.936398,0
58,"Christophers",39,27.195,4,4,4.633755,0
58,"MadCows",39,27.67108,4,5,8.093712,0
59,"Freebirds",35,5.029395,3,0,2.983624,0
59,"MamasPizza",35,5.44892,3,1,2.794928,0
59,"CafeEccell",35,7.931912,3,2,4.590994,0
59,"LosNortenos",35,9.283512,3,3,4.895298,0
59,"WingsNmore",35,9.221697,3,2,6.698134,0
59,"Christophers",35,24.39732,3,4,5.183316,1
59,"MadCows",35,28.2541,3,5,5.579864,0
60,"Freebirds",15,5.151574,2,0,3.230886,0
60,"MamasPizza",15,6.061497,2,1,3.413137,0
60,"CafeEccell",15,8.117237,2,2,3.253537,0
60,"LosNortenos",15,10.22645,2,3,5.885778,0
60,"WingsNmore",15,9.70936,2,2,4.390854,1
60,"Christophers",15,23.03238,2,4,8.30064,0
60,"MadCows",15,26.78982,2,5,7.19914,0
61,"Freebirds",44,4.684837,4,0,1.463805,0
61,"MamasPizza",44,5.512354,4,1,3.458544,0
61,"CafeEccell",44,7.452042,4,2,5.794262,0
61,"LosNortenos",44,9.669789,4,3,4.597201,0
61,"WingsNmore",44,9.841275,4,2,5.354464,1
61,"Christophers",44,21.36287,4,4,9.511759,0
61,"MadCows",44,28.60886,4,5,9.25288,0
62,"Freebirds",57,4.971215,3,0,2.90784,0
62,"MamasPizza",57,5.546112,3,1,3.71584,0
62,"CafeEccell",57,7.811113,3,2,5.204473,0
62,"LosNortenos",57,8.87533,3,3,7.86218,1
62,"WingsNmore",57,8.663641,3,2,6.054514,0
62,"Christophers",57,25.23226,3,4,8.380738,0
62,"MadCows",57,29.46792,3,5,7.665671,0
63,"Freebirds",54,5.670861,4,0,5.088137,0
63,"MamasPizza",54,6.048953,4,1,3.575961,0
63,"CafeEccell",54,8.082527,4,2,2.872475,0
63,"LosNortenos",54,10.7136,4,3,5.665283,1
63,"WingsNmore",54,9.282024,4,2,4.845353,0
63,"Christophers",54,24.00502,4,4,7.047727,0
63,"MadCows",54,27.82691,4,5,5.619602,0
64,"Freebirds",29,4.932324,4,0,2.305269,0
64,"MamasPizza",29,6.345778,4,1,2.350088,0
64,"CafeEccell",29,8.217878,4,2,3.723241,0
64,"LosNortenos",29,9.427706,4,3,4.797052,0
64,"WingsNmore",29,8.864194,4,2,5.096677,1
64,"Christophers",29,23.80593,4,4,8.220514,0
64,"MadCows",29,26.8116,4,5,5.871931,0
65,"Freebirds",21,4.893406,2,0,2.321762,0
65,"MamasPizza",21,5.844689,2,1,3.135041,0
65,"CafeEccell",21,8.327716,2,2,3.82596,0
65,"LosNortenos",21,10.62119,2,3,4.344449,1
65,"WingsNmore",21,8.70518,2,2,4.362266,0
65,"Christophers",21,24.3671,2,4,8.464674,0
65,"MadCows",21,22.52705,2,5,2.588328,0
66,"Freebirds",24,4.905846,1,0,5.013118,0
66,"MamasPizza",24,5.500988,1,1,3.23386,0
66,"CafeEccell",24,9.201966,1,2,5.580098,0
66,"LosNortenos",24,9.994574,1,3,3.945256,1
66,"WingsNmore",24,7.805129,1,2,7.255167,0
66,"Christophers",24,24.63022,1,4,10.22837,0
66,"MadCows",24,26.63323,1,5,3.297417,0
67,"Freebirds",41,4.7458,2,0,1.013414,0
67,"MamasPizza",41,5.808959,2,1,3.160507,0
67,"CafeEccell",41,7.921238,2,2,4.801202,1
67,"LosNortenos",41,9.66681,2,3,4.23986,0
67,"WingsNmore",41,8.310053,2,2,4.073818,0
67,"Christophers",41,27.13958,2,4,5.474619,0
67,"MadCows",41,25.60139,2,5,7.805851,0
68,"Freebirds",64,4.553249,2,0,.1538092,0
68,"MamasPizza",64,6.049627,2,1,3.771415,0
68,"CafeEccell",64,7.795473,2,2,6.596569,1
68,"LosNortenos",64,10.51737,2,3,3.102283,0
68,"WingsNmore",64,8.718485,2,2,5.917765,0
68,"Christophers",64,24.15327,2,4,10.52712,0
68,"MadCows",64,30.16152,2,5,5.850522,0
69,"Freebirds",25,4.819889,2,0,2.571619,0
69,"MamasPizza",25,5.798357,2,1,1.564842,0
69,"CafeEccell",25,8.35795,2,2,5.083091,1
69,"LosNortenos",25,10.54926,2,3,2.317965,0
69,"WingsNmore",25,8.677221,2,2,5.261446,0
69,"Christophers",25,26.66634,2,4,5.800139,0
69,"MadCows",25,27.56711,2,5,6.050909,0
70,"Freebirds",60,4.957637,3,0,2.253891,0
70,"MamasPizza",60,5.535444,3,1,4.000742,0
70,"CafeEccell",60,7.512839,3,2,3.840212,0
70,"LosNortenos",60,10.21325,3,3,6.77823,0
70,"WingsNmore",60,9.179425,3,2,3.103852,0
70,"Christophers",60,24.32265,3,4,7.335557,1
70,"MadCows",60,25.4272,3,5,6.431897,0
71,"Freebirds",45,5.201276,4,0,3.717024,0
71,"MamasPizza",45,6.016697,4,1,2.454634,0
71,"CafeEccell",45,7.465454,4,2,7.237428,0
71,"LosNortenos",45,10.82965,4,3,6.099916,0
71,"WingsNmore",45,10.23903,4,2,7.732214,0
71,"Christophers",45,23.4666,4,4,5.732167,1
71,"MadCows",45,29.74689,4,5,2.87918,0
72,"Freebirds",39,4.524749,2,0,1.849531,0
72,"MamasPizza",39,5.80526,2,1,3.108104,0
72,"CafeEccell",39,7.627285,2,2,3.558796,0
72,"LosNortenos",39,10.17279,2,3,4.464903,1
72,"WingsNmore",39,8.716928,2,2,4.460719,0
72,"Christophers",39,21.47503,2,4,7.687411,0
72,"MadCows",39,25.81081,2,5,10.90737,0
73,"Freebirds",16,5.463735,5,0,1.391078,0
73,"MamasPizza",16,5.736597,5,1,3.307387,0
73,"CafeEccell",16,7.449464,5,2,5.698641,0
73,"LosNortenos",16,9.386922,5,3,3.526897,1
73,"WingsNmore",16,9.873279,5,2,5.145888,0
73,"Christophers",16,24.03564,5,4,5.491645,0
73,"MadCows",16,27.90222,5,5,5.102119,0
74,"Freebirds",86,4.85576,1,0,5.760289,0
74,"MamasPizza",86,6.091669,1,1,3.352452,0
74,"CafeEccell",86,7.637093,1,2,4.787349,0
74,"LosNortenos",86,10.11913,1,3,3.074928,0
74,"WingsNmore",86,9.555442,1,2,5.739225,0
74,"Christophers",86,23.96339,1,4,6.114023,0
74,"MadCows",86,25.23546,1,5,7.475464,1
75,"Freebirds",87,4.988907,3,0,2.846561,0
75,"MamasPizza",87,5.615585,3,1,3.65691,0
75,"CafeEccell",87,8.022592,3,2,4.194468,0
75,"LosNortenos",87,9.516358,3,3,4.73189,0
75,"WingsNmore",87,9.093558,3,2,3.488732,0
75,"Christophers",87,24.09861,3,4,8.457744,0
75,"MadCows",87,26.91014,3,5,10.076,1
76,"Freebirds",50,4.529387,3,0,2.741097,0
76,"MamasPizza",50,6.150305,3,1,3.219686,0
76,"CafeEccell",50,8.345032,3,2,5.556273,1
76,"LosNortenos",50,10.21986,3,3,2.55248,0
76,"WingsNmore",50,8.284344,3,2,4.049572,0
76,"Christophers",50,23.99088,3,4,9.045104,0
76,"MadCows",50,28.95427,3,5,5.286095,0
77,"Freebirds",17,4.934021,7,0,2.96942,0
77,"MamasPizza",17,6.131861,7,1,1.287341,0
77,"CafeEccell",17,8.381011,7,2,6.846399,0
77,"LosNortenos",17,10.16372,7,3,6.332347,0
77,"WingsNmore",17,9.334014,7,2,5.007642,1
77,"Christophers",17,24.04867,7,4,6.603954,0
77,"MadCows",17,27.84832,7,5,-.9763535,0
78,"Freebirds",45,5.134369,1,0,3.026286,0
78,"MamasPizza",45,6.063684,1,1,2.997562,0
78,"CafeEccell",45,7.883238,1,2,5.115866,0
78,"LosNortenos",45,10.0849,1,3,4.799098,1
78,"WingsNmore",45,8.366139,1,2,7.262303,0
78,"Christophers",45,24.30535,1,4,4.584039,0
78,"MadCows",45,27.46432,1,5,7.438788,0
79,"Freebirds",75,5.509668,5,0,3.942154,0
79,"MamasPizza",75,5.649865,5,1,5.079816,0
79,"CafeEccell",75,8.549483,5,2,6.817828,0
79,"LosNortenos",75,9.855913,5,3,5.76316,1
79,"WingsNmore",75,9.194668,5,2,3.899565,0
79,"Christophers",75,22.80293,5,4,2.612678,0
79,"MadCows",75,22.61558,5,5,6.099394,0
80,"Freebirds",57,5.100703,5,0,3.100325,0
80,"MamasPizza",57,5.824992,5,1,1.73352,0
80,"CafeEccell",57,8.327752,5,2,4.583269,0
80,"LosNortenos",57,9.405327,5,3,3.032543,1
80,"WingsNmore",57,8.751936,5,2,6.027655,0
80,"Christophers",57,24.28852,5,4,7.354853,0
80,"MadCows",57,29.04543,5,5,5.790348,0
81,"Freebirds",59,5.582532,4,0,5.090487,0
81,"MamasPizza",59,5.802299,4,1,2.601046,0
81,"CafeEccell",59,7.314609,4,2,4.653255,0
81,"LosNortenos",59,10.10345,4,3,3.096287,0
81,"WingsNmore",59,9.657441,4,2,6.589889,0
81,"Christophers",59,23.63423,4,4,7.45058,1
81,"MadCows",59,25.14541,4,5,7.898963,0
82,"Freebirds",85,5.065913,2,0,3.292676,0
82,"MamasPizza",85,6.446713,2,1,1.378906,0
82,"CafeEccell",85,8.049207,2,2,3.11464,0
82,"LosNortenos",85,10.10807,2,3,5.839899,0
82,"WingsNmore",85,9.163088,2,2,5.459226,0
82,"Christophers",85,28.08921,2,4,8.215617,0
82,"MadCows",85,24.11453,2,5,7.854996,1
83,"Freebirds",33,5.275718,0,0,3.215107,0
83,"MamasPizza",33,6.19806,0,1,1.933878,0
83,"CafeEccell",33,8.762815,0,2,5.118816,0
83,"LosNortenos",33,9.529543,0,3,5.160896,0
83,"WingsNmore",33,8.124268,0,2,4.770429,0
83,"Christophers",33,24.15776,0,4,4.348321,1
83,"MadCows",33,23.96014,0,5,8.42027,0
84,"Freebirds",75,4.711669,2,0,2.40396,0
84,"MamasPizza",75,6.194449,2,1,2.272231,0
84,"CafeEccell",75,7.885398,2,2,4.819326,0
84,"LosNortenos",75,9.86941,2,3,4.58238,0
84,"WingsNmore",75,8.443854,2,2,5.371782,0
84,"Christophers",75,27.21166,2,4,5.305629,1
84,"MadCows",75,28.40021,2,5,5.369095,0
85,"Freebirds",60,5.321455,6,0,2.308824,0
85,"MamasPizza",60,5.760863,6,1,2.239375,0
85,"CafeEccell",60,8.297586,6,2,5.374558,0
85,"LosNortenos",60,9.978971,6,3,6.787231,1
85,"WingsNmore",60,8.877449,6,2,2.753302,0
85,"Christophers",60,27.92433,6,4,8.029113,0
85,"MadCows",60,28.08022,6,5,4.506412,0
86,"Freebirds",38,5.134598,3,0,2.451551,0
86,"MamasPizza",38,6.11476,3,1,3.579471,0
86,"CafeEccell",38,7.29889,3,2,5.529867,0
86,"LosNortenos",38,10.04271,3,3,4.860405,1
86,"WingsNmore",38,8.961274,3,2,4.290483,0
86,"Christophers",38,24.8541,3,4,6.53411,0
86,"MadCows",38,24.42141,3,5,7.00133,0
87,"Freebirds",13,4.932321,3,0,3.757189,0
87,"MamasPizza",13,6.190218,3,1,4.286039,0
87,"CafeEccell",13,7.915929,3,2,6.893762,0
87,"LosNortenos",13,10.08961,3,3,3.878335,0
87,"WingsNmore",13,9.246478,3,2,5.027069,1
87,"Christophers",13,27.41283,3,4,3.6908,0
87,"MadCows",13,24.95585,3,5,4.313288,0
88,"Freebirds",35,5.058731,3,0,2.361108,0
88,"MamasPizza",35,6.135809,3,1,1.944886,0
88,"CafeEccell",35,7.736824,3,2,3.82963,1
88,"LosNortenos",35,9.211367,3,3,4.146792,0
88,"WingsNmore",35,8.832688,3,2,7.603728,0
88,"Christophers",35,25.02282,3,4,5.546544,0
88,"MadCows",35,27.31224,3,5,9.678644,0
89,"Freebirds",50,5.091771,3,0,2.258574,0
89,"MamasPizza",50,5.715773,3,1,2.687878,0
89,"CafeEccell",50,8.129535,3,2,6.074867,0
89,"LosNortenos",50,8.723761,3,3,5.488879,0
89,"WingsNmore",50,8.555859,3,2,3.706603,1
89,"Christophers",50,23.01665,3,4,6.201874,0
89,"MadCows",50,24.28785,3,5,6.249489,0
90,"Freebirds",46,5.652521,3,0,2.17274,0
90,"MamasPizza",46,5.623202,3,1,2.445783,0
90,"CafeEccell",46,8.28995,3,2,6.096621,0
90,"LosNortenos",46,9.842111,3,3,5.239861,0
90,"WingsNmore",46,9.984087,3,2,3.318628,1
90,"Christophers",46,22.48016,3,4,7.637094,0
90,"MadCows",46,25.31062,3,5,4.795554,0
91,"Freebirds",17,5.078136,4,0,3.19593,0
91,"MamasPizza",17,5.922786,4,1,3.902082,0
91,"CafeEccell",17,7.929238,4,2,5.43111,1
91,"LosNortenos",17,9.483631,4,3,5.051023,0
91,"WingsNmore",17,9.649915,4,2,4.950006,0
91,"Christophers",17,23.72012,4,4,8.282013,0
91,"MadCows",17,27.28621,4,5,4.716637,0
92,"Freebirds",71,4.857517,2,0,2.267279,0
92,"MamasPizza",71,6.425868,2,1,3.25524,0
92,"CafeEccell",71,7.82171,2,2,5.372318,1
92,"LosNortenos",71,10.14523,2,3,5.894107,0
92,"WingsNmore",71,9.358485,2,2,6.205413,0
92,"Christophers",71,25.42531,2,4,7.187464,0
92,"MadCows",71,27.55295,2,5,7.30443,0
93,"Freebirds",51,4.831608,4,0,2.340545,0
93,"MamasPizza",51,6.074174,4,1,3.642773,1
93,"CafeEccell",51,8.123167,4,2,6.371578,0
93,"LosNortenos",51,10.10148,4,3,2.920151,0
93,"WingsNmore",51,9.151591,4,2,6.455746,0
93,"Christophers",51,22.71718,4,4,7.023005,0
93,"MadCows",51,24.41846,4,5,6.598356,0
94,"Freebirds",38,4.916469,3,0,1.988598,1
94,"MamasPizza",38,5.570656,3,1,1.771594,0
94,"CafeEccell",38,7.862055,3,2,6.236166,0
94,"LosNortenos",38,9.956232,3,3,6.290717,0
94,"WingsNmore",38,8.278784,3,2,2.710887,0
94,"Christophers",38,27.54482,3,4,4.556,0
94,"MadCows",38,28.30066,3,5,6.512418,0
95,"Freebirds",10,5.034549,5,0,4.211142,0
95,"MamasPizza",10,6.080228,5,1,2.235533,0
95,"CafeEccell",10,8.740541,5,2,6.207504,0
95,"LosNortenos",10,10.68054,5,3,5.421868,1
95,"WingsNmore",10,9.223265,5,2,4.101628,0
95,"Christophers",10,23.8542,5,4,7.823947,0
95,"MadCows",10,30.20012,5,5,5.15293,0
96,"Freebirds",59,5.173796,4,0,2.22269,0
96,"MamasPizza",59,5.75012,4,1,1.917924,0
96,"CafeEccell",59,8.318779,4,2,3.981961,0
96,"LosNortenos",59,9.933702,4,3,5.991875,0
96,"WingsNmore",59,9.004609,4,2,4.664106,0
96,"Christophers",59,21.60417,4,4,5.606933,1
96,"MadCows",59,25.53584,4,5,3.326848,0
97,"Freebirds",43,4.964217,4,0,3.041378,0
97,"MamasPizza",43,6.162211,4,1,3.261725,0
97,"CafeEccell",43,7.919024,4,2,5.912057,0
97,"LosNortenos",43,8.956389,4,3,4.656991,0
97,"WingsNmore",43,9.236733,4,2,3.819787,0
97,"Christophers",43,20.47595,4,4,3.906565,0
97,"MadCows",43,25.2627,4,5,7.765991,1
98,"Freebirds",15,4.94279,4,0,2.489956,0
98,"MamasPizza",15,6.30593,4,1,1.633338,0
98,"CafeEccell",15,8.368212,4,2,3.142576,0
98,"LosNortenos",15,11.0665,4,3,6.955806,0
98,"WingsNmore",15,9.24415,4,2,6.061976,1
98,"Christophers",15,27.85976,4,4,7.870972,0
98,"MadCows",15,27.78511,4,5,8.030346,0
99,"Freebirds",18,4.730605,1,0,4.85284,0
99,"MamasPizza",18,6.506885,1,1,2.92005,0
99,"CafeEccell",18,7.793571,1,2,5.747342,0
99,"LosNortenos",18,10.05003,1,3,5.702099,1
99,"WingsNmore",18,9.021837,1,2,5.313803,0
99,"Christophers",18,25.1146,1,4,2.11129,0
99,"MadCows",18,24.25884,1,5,6.279365,0
100,"Freebirds",10,4.348475,2,0,1.25175,0
100,"MamasPizza",10,6.293875,2,1,3.484321,0
100,"CafeEccell",10,8.610708,2,2,4.611587,0
100,"LosNortenos",10,9.544158,2,3,6.088349,0
100,"WingsNmore",10,9.150759,2,2,3.77798,1
100,"Christophers",10,25.84247,2,4,5.691207,0
100,"MadCows",10,24.94527,2,5,7.238434,0
101,"Freebirds",12,4.554223,1,0,2.05838,0
101,"MamasPizza",12,6.039987,1,1,2.392406,0
101,"CafeEccell",12,8.334414,1,2,3.855533,0
101,"LosNortenos",12,9.625346,1,3,3.630711,1
101,"WingsNmore",12,8.78559,1,2,4.566278,0
101,"Christophers",12,25.27017,1,4,6.258452,0
101,"MadCows",12,25.91666,1,5,7.101548,0
102,"Freebirds",11,5.032741,0,0,2.445501,0
102,"MamasPizza",11,5.731997,0,1,3.90925,0
102,"CafeEccell",11,7.532212,0,2,5.841861,0
102,"LosNortenos",11,10.16933,0,3,6.409454,0
102,"WingsNmore",11,8.980692,0,2,6.639334,0
102,"Christophers",11,24.53757,0,4,6.314951,1
102,"MadCows",11,25.47822,0,5,7.301376,0
103,"Freebirds",41,5.503355,2,0,3.705282,0
103,"MamasPizza",41,6.256145,2,1,1.412007,0
103,"CafeEccell",41,7.890201,2,2,5.37191,0
103,"LosNortenos",41,10.00103,2,3,7.210828,0
103,"WingsNmore",41,9.858845,2,2,4.5889,0
103,"Christophers",41,24.94263,2,4,8.003623,1
103,"MadCows",41,27.82229,2,5,4.970299,0
104,"Freebirds",45,4.894913,1,0,2.54365,0
104,"MamasPizza",45,6.115695,1,1,.8419972,1
104,"CafeEccell",45,8.278085,1,2,4.827306,0
104,"LosNortenos",45,10.43431,1,3,4.856306,0
104,"WingsNmore",45,8.943157,1,2,4.159599,0
104,"Christophers",45,30.20914,1,4,9.609446,0
104,"MadCows",45,31.72211,1,5,4.534524,0
105,"Freebirds",50,4.940414,1,0,2.732135,0
105,"MamasPizza",50,5.997851,1,1,3.203629,0
105,"CafeEccell",50,8.16143,1,2,4.893721,1
105,"LosNortenos",50,9.786079,1,3,6.169938,0
105,"WingsNmore",50,8.772383,1,2,2.788059,0
105,"Christophers",50,26.47816,1,4,9.189156,0
105,"MadCows",50,27.58104,1,5,6.718179,0
106,"Freebirds",34,4.645481,1,0,1.686947,0
106,"MamasPizza",34,5.992304,1,1,2.612234,0
106,"CafeEccell",34,8.130945,1,2,5.259819,0
106,"LosNortenos",34,9.77307,1,3,5.88122,0
106,"WingsNmore",34,8.732759,1,2,6.387621,0
106,"Christophers",34,24.48687,1,4,6.326406,1
106,"MadCows",34,28.26966,1,5,6.228692,0
107,"Freebirds",16,4.927644,2,0,5.017561,0
107,"MamasPizza",16,6.215749,2,1,3.859849,0
107,"CafeEccell",16,7.992574,2,2,5.785482,0
107,"LosNortenos",16,10.05181,2,3,6.193701,1
107,"WingsNmore",16,9.057725,2,2,3.253309,0
107,"Christophers",16,22.29535,2,4,7.24666,0
107,"MadCows",16,29.80889,2,5,5.377646,0
108,"Freebirds",54,5.79033,0,0,2.711665,0
108,"MamasPizza",54,6.350023,0,1,3.038256,0
108,"CafeEccell",54,8.064936,0,2,4.844001,0
108,"LosNortenos",54,10.04204,0,3,3.923651,0
108,"WingsNmore",54,9.244874,0,2,5.232165,1
108,"Christophers",54,24.10185,0,4,5.911362,0
108,"MadCows",54,26.44299,0,5,6.569351,0
109,"Freebirds",48,4.991219,3,0,3.459199,0
109,"MamasPizza",48,5.191149,3,1,2.799295,0
109,"CafeEccell",48,8.201792,3,2,5.544093,0
109,"LosNortenos",48,10.31965,3,3,4.642946,1
109,"WingsNmore",48,8.436415,3,2,5.635173,0
109,"Christophers",48,23.14113,3,4,3.24227,0
109,"MadCows",48,29.28644,3,5,12.66832,0
110,"Freebirds",41,4.953402,5,0,1.508912,0
110,"MamasPizza",41,5.667712,5,1,3.554808,1
110,"CafeEccell",41,7.943612,5,2,3.91214,0
110,"LosNortenos",41,10.17942,5,3,5.644931,0
110,"WingsNmore",41,9.149108,5,2,2.922268,0
110,"Christophers",41,24.12861,5,4,6.473724,0
110,"MadCows",41,28.4038,5,5,8.587068,0
111,"Freebirds",53,5.133439,2,0,1.32249,0
111,"MamasPizza",53,5.908641,2,1,4.002955,0
111,"CafeEccell",53,7.959313,2,2,4.504507,0
111,"LosNortenos",53,10.61837,2,3,5.418847,0
111,"WingsNmore",53,10.00139,2,2,5.369598,1
111,"Christophers",53,23.23993,2,4,7.342691,0
111,"MadCows",53,25.46881,2,5,6.706173,0
112,"Freebirds",24,5.567857,7,0,2.244881,0
112,"MamasPizza",24,5.967349,7,1,2.634615,0
112,"CafeEccell",24,8.032592,7,2,3.339307,1
112,"LosNortenos",24,10.09657,7,3,5.079881,0
112,"WingsNmore",24,10.7065,7,2,4.36858,0
112,"Christophers",24,24.8256,7,4,7.03156,0
112,"MadCows",24,26.75227,7,5,7.061677,0
113,"Freebirds",49,4.811558,3,0,4.250527,0
113,"MamasPizza",49,6.473407,3,1,2.213322,0
113,"CafeEccell",49,8.213567,3,2,5.348405,0
113,"LosNortenos",49,10.40236,3,3,2.323961,1
113,"WingsNmore",49,9.47017,3,2,5.734785,0
113,"Christophers",49,23.392,3,4,7.489416,0
113,"MadCows",49,29.11811,3,5,6.600269,0
114,"Freebirds",69,4.839924,0,0,3.849437,0
114,"MamasPizza",69,5.994188,0,1,2.887457,0
114,"CafeEccell",69,8.350059,0,2,4.813713,0
114,"LosNortenos",69,9.526339,0,3,5.670387,0
114,"WingsNmore",69,8.72625,0,2,5.543083,0
114,"Christophers",69,23.55297,0,4,4.914549,1
114,"MadCows",69,28.73797,0,5,7.113157,0
115,"Freebirds",35,5.349999,1,0,2.890789,0
115,"MamasPizza",35,6.159595,1,1,3.286581,0
115,"CafeEccell",35,7.347392,1,2,5.139232,1
115,"LosNortenos",35,10.41564,1,3,2.556753,0
115,"WingsNmore",35,9.125515,1,2,2.918213,0
115,"Christophers",35,26.24319,1,4,9.583913,0
115,"MadCows",35,29.88017,1,5,5.062074,0
116,"Freebirds",50,4.96622,2,0,3.187453,0
116,"MamasPizza",50,5.746208,2,1,2.66539,0
116,"CafeEccell",50,8.137438,2,2,6.826717,0
116,"LosNortenos",50,11.08985,2,3,5.594183,0
116,"WingsNmore",50,8.834846,2,2,7.737594,1
116,"Christophers",50,22.17625,2,4,9.156704,0
116,"MadCows",50,26.7623,2,5,9.838211,0
117,"Freebirds",10,4.54694,3,0,2.60944,0
117,"MamasPizza",10,6.207492,3,1,2.197415,1
117,"CafeEccell",10,8.607062,3,2,6.239482,0
117,"LosNortenos",10,9.782235,3,3,6.095398,0
117,"WingsNmore",10,8.697195,3,2,4.281376,0
117,"Christophers",10,23.55787,3,4,7.766933,0
117,"MadCows",10,26.62873,3,5,8.778342,0
118,"Freebirds",17,4.178637,2,0,1.097186,0
118,"MamasPizza",17,6.176483,2,1,3.759706,0
118,"CafeEccell",17,8.140498,2,2,4.741615,0
118,"LosNortenos",17,9.96542,2,3,2.419032,1
118,"WingsNmore",17,9.691623,2,2,7.448309,0
118,"Christophers",17,25.91174,2,4,7.908768,0
118,"MadCows",17,28.94777,2,5,4.437276,0
119,"Freebirds",54,5.094028,2,0,3.161476,0
119,"MamasPizza",54,6.252882,2,1,1.800499,0
119,"CafeEccell",54,8.517487,2,2,6.442327,0
119,"LosNortenos",54,10.35526,2,3,2.784497,0
119,"WingsNmore",54,9.287153,2,2,4.792168,1
119,"Christophers",54,23.54419,2,4,6.321111,0
119,"MadCows",54,32.70356,2,5,3.693951,0
120,"Freebirds",54,5.356787,1,0,1.787208,0
120,"MamasPizza",54,6.18456,1,1,3.890032,0
120,"CafeEccell",54,8.195178,1,2,5.655482,0
120,"LosNortenos",54,9.613262,1,3,5.235346,0
120,"WingsNmore",54,9.576674,1,2,5.592738,0
120,"Christophers",54,23.7249,1,4,7.296972,1
120,"MadCows",54,28.31202,1,5,6.761346,0
121,"Freebirds",22,4.900112,2,0,4.395966,0
121,"MamasPizza",22,6.201093,2,1,1.982378,0
121,"CafeEccell",22,7.737552,2,2,5.397316,0
121,"LosNortenos",22,10.63857,2,3,4.478002,0
121,"WingsNmore",22,8.958443,2,2,4.327295,0
121,"Christophers",22,25.95099,2,4,7.981112,0
121,"MadCows",22,26.24845,2,5,8.316955,1
122,"Freebirds",21,5.145751,3,0,1.0757,0
122,"MamasPizza",21,6.073775,3,1,3.854887,0
122,"CafeEccell",21,7.320296,3,2,3.47694,0
122,"LosNortenos",21,10.66284,3,3,6.049443,1
122,"WingsNmore",21,9.381639,3,2,4.116619,0
122,"Christophers",21,26.66138,3,4,8.596005,0
122,"MadCows",21,27.44947,3,5,5.118588,0
123,"Freebirds",57,4.882885,4,0,1.844335,0
123,"MamasPizza",57,6.256819,4,1,3.365501,0
123,"CafeEccell",57,6.861738,4,2,4.89984,0
123,"LosNortenos",57,9.740639,4,3,6.057998,0
123,"WingsNmore",57,7.491602,4,2,4.86845,1
123,"Christophers",57,28.36788,4,4,6.566909,0
123,"MadCows",57,32.36648,4,5,7.114504,0
124,"Freebirds",45,4.950172,0,0,4.009598,0
124,"MamasPizza",45,6.032887,0,1,1.586524,0
124,"CafeEccell",45,7.912774,0,2,6.088103,0
124,"LosNortenos",45,9.849385,0,3,5.01854,0
124,"WingsNmore",45,9.322197,0,2,5.257088,0
124,"Christophers",45,25.76417,0,4,5.614419,0
124,"MadCows",45,25.29144,0,5,.3438107,1
125,"Freebirds",45,5.159975,4,0,2.798863,0
125,"MamasPizza",45,5.949829,4,1,3.627596,0
125,"CafeEccell",45,7.972686,4,2,3.896171,1
125,"LosNortenos",45,10.49037,4,3,5.653903,0
125,"WingsNmore",45,8.866737,4,2,2.810242,0
125,"Christophers",45,24.16693,4,4,8.730933,0
125,"MadCows",45,26.64898,4,5,7.44183,0
126,"Freebirds",39,4.849698,2,0,2.15037,0
126,"MamasPizza",39,6.521397,2,1,.9975315,0
126,"CafeEccell",39,7.736885,2,2,2.356494,0
126,"LosNortenos",39,9.068636,2,3,6.578571,1
126,"WingsNmore",39,8.413104,2,2,6.125003,0
126,"Christophers",39,21.49271,2,4,6.920464,0
126,"MadCows",39,25.27332,2,5,9.235555,0
127,"Freebirds",28,4.566182,3,0,3.720941,0
127,"MamasPizza",28,5.456969,3,1,1.14975,0
127,"CafeEccell",28,8.344436,3,2,3.150576,1
127,"LosNortenos",28,9.438593,3,3,5.556869,0
127,"WingsNmore",28,9.662602,3,2,6.928398,0
127,"Christophers",28,28.18489,3,4,9.069052,0
127,"MadCows",28,25.91891,3,5,8.714707,0
128,"Freebirds",11,5.182542,3,0,1.99245,1
128,"MamasPizza",11,5.245458,3,1,4.450251,0
128,"CafeEccell",11,8.139644,3,2,6.107538,0
128,"LosNortenos",11,10.04045,3,3,3.371706,0
128,"WingsNmore",11,9.62254,3,2,6.756601,0
128,"Christophers",11,27.53719,3,4,9.836062,0
128,"MadCows",11,30.17449,3,5,5.824924,0
129,"Freebirds",54,4.986107,3,0,3.549891,0
129,"MamasPizza",54,5.660259,3,1,3.047354,0
129,"CafeEccell",54,8.21463,3,2,3.415796,0
129,"LosNortenos",54,9.827295,3,3,3.248216,0
129,"WingsNmore",54,9.477391,3,2,5.405984,1
129,"Christophers",54,23.53028,3,4,6.158585,0
129,"MadCows",54,22.66363,3,5,5.133852,0
130,"Freebirds",10,4.962373,3,0,2.351152,0
130,"MamasPizza",10,6.20505,3,1,2.820834,0
130,"CafeEccell",10,7.591483,3,2,4.974177,0
130,"LosNortenos",10,9.671586,3,3,5.402045,1
130,"WingsNmore",10,8.152615,3,2,3.853316,0
130,"Christophers",10,22.88807,3,4,7.555607,0
130,"MadCows",10,27.03985,3,5,4.505231,0
131,"Freebirds",26,4.369763,3,0,3.642726,0
131,"MamasPizza",26,5.480611,3,1,1.704996,0
131,"CafeEccell",26,8.339218,3,2,4.83677,0
131,"LosNortenos",26,9.651409,3,3,4.08308,1
131,"WingsNmore",26,9.186628,3,2,6.878106,0
131,"Christophers",26,25.93297,3,4,9.171612,0
131,"MadCows",26,26.08156,3,5,8.540587,0
132,"Freebirds",45,5.014054,1,0,4.099678,0
132,"MamasPizza",45,6.244264,1,1,3.944236,0
132,"CafeEccell",45,8.635957,1,2,5.654682,0
132,"LosNortenos",45,10.02019,1,3,4.155851,1
132,"WingsNmore",45,9.136048,1,2,7.079162,0
132,"Christophers",45,25.32121,1,4,4.748279,0
132,"MadCows",45,27.58634,1,5,6.811135,0
133,"Freebirds",17,4.960384,4,0,5.137368,0
133,"MamasPizza",17,6.09444,4,1,1.677625,0
133,"CafeEccell",17,8.1745,4,2,3.88379,0
133,"LosNortenos",17,10.61525,4,3,8.150187,0
133,"WingsNmore",17,8.588318,4,2,5.486684,1
133,"Christophers",17,26.88695,4,4,7.406014,0
133,"MadCows",17,27.25598,4,5,8.785352,0
134,"Freebirds",34,4.811639,5,0,4.142153,0
134,"MamasPizza",34,5.910623,5,1,4.410056,0
134,"CafeEccell",34,7.497298,5,2,5.69054,0
134,"LosNortenos",34,9.452114,5,3,3.682608,1
134,"WingsNmore",34,9.013322,5,2,4.538469,0
134,"Christophers",34,27.25039,5,4,8.437932,0
134,"MadCows",34,26.84745,5,5,4.360583,0
135,"Freebirds",65,4.886908,4,0,4.802783,0
135,"MamasPizza",65,5.993877,4,1,3.877916,0
135,"CafeEccell",65,8.404415,4,2,3.154645,0
135,"LosNortenos",65,9.936235,4,3,4.679554,0
135,"WingsNmore",65,9.369919,4,2,3.80122,1
135,"Christophers",65,23.14924,4,4,9.995066,0
135,"MadCows",65,24.10922,4,5,10.07156,0
136,"Freebirds",54,5.005104,4,0,2.209961,0
136,"MamasPizza",54,5.947398,4,1,3.623354,0
136,"CafeEccell",54,8.065881,4,2,4.944832,0
136,"LosNortenos",54,10.0852,4,3,4.743092,0
136,"WingsNmore",54,9.228318,4,2,4.232232,1
136,"Christophers",54,27.26404,4,4,5.182295,0
136,"MadCows",54,27.36522,4,5,5.581291,0
137,"Freebirds",38,4.179043,1,0,2.695711,0
137,"MamasPizza",38,5.817543,1,1,4.23734,0
137,"CafeEccell",38,8.186314,1,2,5.896398,0
137,"LosNortenos",38,9.580703,1,3,5.598043,0
137,"WingsNmore",38,8.312929,1,2,5.07033,1
137,"Christophers",38,20.78963,1,4,5.804697,0
137,"MadCows",38,27.70954,1,5,6.801884,0
138,"Freebirds",27,4.791526,2,0,5.184865,0
138,"MamasPizza",27,6.288371,2,1,2.111037,0
138,"CafeEccell",27,7.74741,2,2,2.861424,1
138,"LosNortenos",27,10.22414,2,3,4.815279,0
138,"WingsNmore",27,9.663992,2,2,6.189565,0
138,"Christophers",27,23.67429,2,4,7.325243,0
138,"MadCows",27,25.6973,2,5,7.73838,0
139,"Freebirds",37,4.651588,2,0,3.559559,0
139,"MamasPizza",37,6.026862,2,1,1.906195,0
139,"CafeEccell",37,7.80684,2,2,4.317807,1
139,"LosNortenos",37,9.654795,2,3,4.237717,0
139,"WingsNmore",37,8.659763,2,2,1.711753,0
139,"Christophers",37,29.36346,2,4,8.042641,0
139,"MadCows",37,27.31353,2,5,6.55952,0
140,"Freebirds",34,4.828878,2,0,2.829983,0
140,"MamasPizza",34,6.105318,2,1,1.382235,1
140,"CafeEccell",34,8.532772,2,2,2.87343,0
140,"LosNortenos",34,11.08643,2,3,4.686494,0
140,"WingsNmore",34,9.075086,2,2,3.352634,0
140,"Christophers",34,26.71322,2,4,8.504452,0
140,"MadCows",34,27.20972,2,5,8.116506,0
141,"Freebirds",77,4.837651,1,0,3.672086,0
141,"MamasPizza",77,6.126305,1,1,2.449195,0
141,"CafeEccell",77,8.443522,1,2,7.694283,1
141,"LosNortenos",77,10.61471,1,3,2.691037,0
141,"WingsNmore",77,8.908175,1,2,4.841907,0
141,"Christophers",77,21.22903,1,4,9.385676,0
141,"MadCows",77,28.36856,1,5,9.459881,0
142,"Freebirds",17,4.706027,3,0,2.972505,0
142,"MamasPizza",17,5.272861,3,1,1.843732,0
142,"CafeEccell",17,8.355509,3,2,3.751005,1
142,"LosNortenos",17,10.4259,3,3,4.017643,0
142,"WingsNmore",17,9.631277,3,2,7.70107,0
142,"Christophers",17,27.24568,3,4,6.828507,0
142,"MadCows",17,24.89736,3,5,8.801992,0
143,"Freebirds",10,5.032822,0,0,3.451141,0
143,"MamasPizza",10,6.266158,0,1,4.728719,0
143,"CafeEccell",10,7.553986,0,2,5.362738,1
143,"LosNortenos",10,10.12885,0,3,4.963327,0
143,"WingsNmore",10,8.963887,0,2,4.591529,0
143,"Christophers",10,21.97041,0,4,4.161569,0
143,"MadCows",10,23.80947,0,5,6.312179,0
144,"Freebirds",10,4.785505,3,0,6.977674,0
144,"MamasPizza",10,5.819098,3,1,1.448115,0
144,"CafeEccell",10,8.728241,3,2,2.841836,1
144,"LosNortenos",10,9.801129,3,3,5.128589,0
144,"WingsNmore",10,9.771151,3,2,3.456881,0
144,"Christophers",10,24.89685,3,4,4.379919,0
144,"MadCows",10,29.47117,3,5,5.432466,0
145,"Freebirds",58,4.584423,1,0,4.112694,0
145,"MamasPizza",58,5.608613,1,1,3.426768,0
145,"CafeEccell",58,7.536394,1,2,4.017466,0
145,"LosNortenos",58,10.51807,1,3,6.265347,0
145,"WingsNmore",58,9.702714,1,2,4.089064,0
145,"Christophers",58,25.19476,1,4,8.240756,1
145,"MadCows",58,26.33528,1,5,8.497481,0
146,"Freebirds",14,4.992233,2,0,1.788989,0
146,"MamasPizza",14,5.876539,2,1,3.484515,0
146,"CafeEccell",14,8.28977,2,2,4.153194,1
146,"LosNortenos",14,10.6917,2,3,4.951954,0
146,"WingsNmore",14,9.30041,2,2,5.209982,0
146,"Christophers",14,23.49952,2,4,6.163375,0
146,"MadCows",14,23.03389,2,5,7.534778,0
147,"Freebirds",81,5.504656,2,0,3.859482,0
147,"MamasPizza",81,5.555048,2,1,3.244695,0
147,"CafeEccell",81,7.185001,2,2,5.312494,0
147,"LosNortenos",81,9.715206,2,3,5.008615,0
147,"WingsNmore",81,9.605036,2,2,3.985336,0
147,"Christophers",81,22.43436,2,4,4.452599,0
147,"MadCows",81,26.29956,2,5,6.446465,1
148,"Freebirds",17,5.139166,4,0,2.988635,0
148,"MamasPizza",17,6.337837,4,1,3.294002,0
148,"CafeEccell",17,8.085321,4,2,4.164732,0
148,"LosNortenos",17,10.10341,4,3,4.43211,1
148,"WingsNmore",17,9.146509,4,2,4.934432,0
148,"Christophers",17,27.67037,4,4,7.364632,0
148,"MadCows",17,27.33783,4,5,7.774509,0
149,"Freebirds",10,5.32324,2,0,3.956638,0
149,"MamasPizza",10,5.943189,2,1,4.037421,0
149,"CafeEccell",10,7.948284,2,2,6.24656,0
149,"LosNortenos",10,10.09342,2,3,2.509804,0
149,"WingsNmore",10,9.968778,2,2,3.562258,1
149,"Christophers",10,27.83416,2,4,7.989833,0
149,"MadCows",10,27.43998,2,5,7.349487,0
150,"Freebirds",10,5.253996,2,0,1.961849,0
150,"MamasPizza",10,6.077657,2,1,2.398092,0
150,"CafeEccell",10,8.262656,2,2,5.299913,0
150,"LosNortenos",10,9.8177,2,3,4.788441,1
150,"WingsNmore",10,8.426664,2,2,6.98982,0
150,"Christophers",10,26.12572,2,4,7.348579,0
150,"MadCows",10,27.45136,2,5,6.756397,0
151,"Freebirds",48,5.155816,3,0,2.413837,0
151,"MamasPizza",48,6.084731,3,1,2.269768,0
151,"CafeEccell",48,8.059041,3,2,3.400326,1
151,"LosNortenos",48,10.33518,3,3,2.9961,0
151,"WingsNmore",48,9.279775,3,2,4.058619,0
151,"Christophers",48,21.37512,3,4,5.995587,0
151,"MadCows",48,24.87577,3,5,8.711119,0
152,"Freebirds",39,5.087184,4,0,5.183105,0
152,"MamasPizza",39,6.294314,4,1,4.699335,0
152,"CafeEccell",39,7.31383,4,2,5.671858,1
152,"LosNortenos",39,9.958932,4,3,5.379996,0
152,"WingsNmore",39,9.602105,4,2,6.501251,0
152,"Christophers",39,21.75642,4,4,8.142314,0
152,"MadCows",39,29.34074,4,5,8.928056,0
153,"Freebirds",35,4.565109,0,0,4.651082,0
153,"MamasPizza",35,6.281541,0,1,3.08205,0
153,"CafeEccell",35,7.770015,0,2,5.973007,0
153,"LosNortenos",35,9.897663,0,3,4.404465,0
153,"WingsNmore",35,9.547467,0,2,4.893436,0
153,"Christophers",35,22.61703,0,4,7.36574,1
153,"MadCows",35,28.26086,0,5,3.195179,0
154,"Freebirds",10,5.251194,4,0,2.524271,0
154,"MamasPizza",10,5.772585,4,1,1.515455,1
154,"CafeEccell",10,6.899826,4,2,3.840971,0
154,"LosNortenos",10,9.432372,4,3,7.433927,0
154,"WingsNmore",10,9.053723,4,2,3.311914,0
154,"Christophers",10,22.16054,4,4,8.187112,0
154,"MadCows",10,24.19338,4,5,9.186713,0
155,"Freebirds",126,5.169755,2,0,5.157917,0
155,"MamasPizza",126,5.758737,2,1,2.659651,0
155,"CafeEccell",126,8.085975,2,2,4.214622,0
155,"LosNortenos",126,9.469823,2,3,2.122773,0
155,"WingsNmore",126,9.617599,2,2,3.797575,0
155,"Christophers",126,24.1215,2,4,7.827692,0
155,"MadCows",126,32.18321,2,5,5.929653,1
156,"Freebirds",31,5.025383,1,0,1.506619,0
156,"MamasPizza",31,5.86201,1,1,1.03584,0
156,"CafeEccell",31,7.881172,1,2,4.990045,0
156,"LosNortenos",31,9.908506,1,3,6.114763,0
156,"WingsNmore",31,9.280948,1,2,4.27,1
156,"Christophers",31,26.46478,1,4,6.04902,0
156,"MadCows",31,25.26844,1,5,6.174585,0
157,"Freebirds",41,5.016477,1,0,1.58708,0
157,"MamasPizza",41,6.033333,1,1,2.863252,0
157,"CafeEccell",41,7.089341,1,2,2.660974,0
157,"LosNortenos",41,10.39054,1,3,4.823119,0
157,"WingsNmore",41,9.15871,1,2,4.942282,1
157,"Christophers",41,25.5119,1,4,4.315,0
157,"MadCows",41,27.53295,1,5,5.987756,0
158,"Freebirds",65,5.426329,3,0,4.585794,0
158,"MamasPizza",65,5.727021,3,1,3.032497,0
158,"CafeEccell",65,7.981112,3,2,4.889394,1
158,"LosNortenos",65,10.46932,3,3,2.306729,0
158,"WingsNmore",65,8.272162,3,2,6.446151,0
158,"Christophers",65,23.64808,3,4,7.526355,0
158,"MadCows",65,25.82673,3,5,5.468792,0
159,"Freebirds",50,4.655722,3,0,3.383582,0
159,"MamasPizza",50,5.813392,3,1,2.387069,0
159,"CafeEccell",50,7.225084,3,2,6.098423,1
159,"LosNortenos",50,9.996227,3,3,7.254073,0
159,"WingsNmore",50,9.251188,3,2,6.500157,0
159,"Christophers",50,26.03251,3,4,5.938161,0
159,"MadCows",50,27.19165,3,5,8.593578,0
160,"Freebirds",46,5.007623,3,0,3.012909,0
160,"MamasPizza",46,5.8247,3,1,3.636745,0
160,"CafeEccell",46,7.628369,3,2,5.297559,1
160,"LosNortenos",46,10.25079,3,3,6.845396,0
160,"WingsNmore",46,9.228156,3,2,4.390578,0
160,"Christophers",46,23.70804,3,4,3.155038,0
160,"MadCows",46,25.67222,3,5,6.051939,0
161,"Freebirds",42,5.024183,1,0,4.695729,0
161,"MamasPizza",42,6.201175,1,1,2.403195,0
161,"CafeEccell",42,8.195066,1,2,4.470928,1
161,"LosNortenos",42,10.27919,1,3,4.407024,0
161,"WingsNmore",42,9.409152,1,2,4.362911,0
161,"Christophers",42,22.79654,1,4,6.181249,0
161,"MadCows",42,27.12014,1,5,10.21875,0
162,"Freebirds",23,5.444203,3,0,3.081882,0
162,"MamasPizza",23,6.177824,3,1,2.605779,0
162,"CafeEccell",23,9.007115,3,2,7.426536,0
162,"LosNortenos",23,9.509957,3,3,3.497585,0
162,"WingsNmore",23,8.759338,3,2,3.783677,1
162,"Christophers",23,24.66373,3,4,8.912651,0
162,"MadCows",23,27.1457,3,5,6.183305,0
163,"Freebirds",16,5.367185,4,0,2.0659,0
163,"MamasPizza",16,6.258574,4,1,4.429349,0
163,"CafeEccell",16,8.143004,4,2,6.136618,1
163,"LosNortenos",16,8.670778,4,3,5.205586,0
163,"WingsNmore",16,9.362223,4,2,5.237744,0
163,"Christophers",16,28.92264,4,4,5.252296,0
163,"MadCows",16,30.61428,4,5,5.466937,0
164,"Freebirds",25,5.548538,5,0,3.076782,0
164,"MamasPizza",25,5.890331,5,1,3.003482,0
164,"CafeEccell",25,7.65733,5,2,5.372343,1
164,"LosNortenos",25,10.08119,5,3,7.205433,0
164,"WingsNmore",25,8.908743,5,2,5.39173,0
164,"Christophers",25,26.82761,5,4,3.86353,0
164,"MadCows",25,26.16309,5,5,8.41511,0
165,"Freebirds",40,4.657545,1,0,3.410397,0
165,"MamasPizza",40,5.675635,1,1,2.220854,0
165,"CafeEccell",40,7.306443,1,2,5.025127,0
165,"LosNortenos",40,9.270344,1,3,6.798512,1
165,"WingsNmore",40,9.068377,1,2,5.140326,0
165,"Christophers",40,28.78546,1,4,7.275593,0
165,"MadCows",40,26.5714,1,5,6.9756,0
166,"Freebirds",47,5.177225,2,0,3.103234,0
166,"MamasPizza",47,6.103651,2,1,3.588827,0
166,"CafeEccell",47,8.098805,2,2,6.610405,0
166,"LosNortenos",47,9.941786,2,3,4.988892,1
166,"WingsNmore",47,8.945818,2,2,5.717857,0
166,"Christophers",47,32.13076,2,4,8.098131,0
166,"MadCows",47,25.56951,2,5,6.935782,0
167,"Freebirds",10,4.745039,4,0,3.890712,0
167,"MamasPizza",10,6.495674,4,1,1.692043,0
167,"CafeEccell",10,7.898758,4,2,5.476535,0
167,"LosNortenos",10,10.36336,4,3,5.690334,1
167,"WingsNmore",10,9.455469,4,2,6.351204,0
167,"Christophers",10,23.03653,4,4,7.13768,0
167,"MadCows",10,25.72477,4,5,4.762278,0
168,"Freebirds",12,5.196785,4,0,3.828386,0
168,"MamasPizza",12,6.15976,4,1,2.544706,0
168,"CafeEccell",12,7.834233,4,2,5.267221,0
168,"LosNortenos",12,9.583678,4,3,5.207745,0
168,"WingsNmore",12,8.715776,4,2,7.131931,1
168,"Christophers",12,23.77689,4,4,7.299247,0
168,"MadCows",12,27.87184,4,5,5.965166,0
169,"Freebirds",76,5.09466,2,0,3.630033,0
169,"MamasPizza",76,5.559507,2,1,2.482142,0
169,"CafeEccell",76,8.061945,2,2,4.487236,0
169,"LosNortenos",76,9.525427,2,3,5.970983,0
169,"WingsNmore",76,9.445803,2,2,4.190781,0
169,"Christophers",76,25.02443,2,4,7.217505,0
169,"MadCows",76,27.66783,2,5,7.642847,1
170,"Freebirds",89,5.395234,3,0,4.84703,0
170,"MamasPizza",89,6.154999,3,1,4.121686,0
170,"CafeEccell",89,9.203835,3,2,4.996501,0
170,"LosNortenos",89,10.38823,3,3,5.923192,1
170,"WingsNmore",89,9.937882,3,2,6.054476,0
170,"Christophers",89,26.21133,3,4,5.062262,0
170,"MadCows",89,23.18745,3,5,6.700417,0
171,"Freebirds",55,4.841255,3,0,2.763947,0
171,"MamasPizza",55,6.387412,3,1,2.822657,0
171,"CafeEccell",55,8.231153,3,2,5.058544,0
171,"LosNortenos",55,9.645978,3,3,2.935767,0
171,"WingsNmore",55,9.859981,3,2,4.802983,1
171,"Christophers",55,24.83044,3,4,9.497012,0
171,"MadCows",55,25.0937,3,5,7.567918,0
172,"Freebirds",19,4.744707,4,0,3.066043,0
172,"MamasPizza",19,6.341284,4,1,3.195436,0
172,"CafeEccell",19,8.173365,4,2,4.241378,1
172,"LosNortenos",19,9.612838,4,3,4.512929,0
172,"WingsNmore",19,8.809981,4,2,4.409048,0
172,"Christophers",19,26.82295,4,4,6.824723,0
172,"MadCows",19,25.30524,4,5,6.287783,0
173,"Freebirds",57,5.743016,3,0,1.687482,0
173,"MamasPizza",57,6.074548,3,1,3.066305,0
173,"CafeEccell",57,7.929992,3,2,6.439592,0
173,"LosNortenos",57,10.17113,3,3,6.888952,0
173,"WingsNmore",57,8.507971,3,2,4.116426,0
173,"Christophers",57,26.96994,3,4,6.092549,0
173,"MadCows",57,29.75665,3,5,7.765724,1
174,"Freebirds",59,4.946826,2,0,3.057214,0
174,"MamasPizza",59,5.078352,2,1,3.434061,0
174,"CafeEccell",59,9.043227,2,2,4.023588,0
174,"LosNortenos",59,10.00516,2,3,6.214727,0
174,"WingsNmore",59,8.464057,2,2,4.322451,0
174,"Christophers",59,20.72897,2,4,8.108732,1
174,"MadCows",59,29.15934,2,5,8.229371,0
175,"Freebirds",85,4.718388,2,0,4.001328,0
175,"MamasPizza",85,6.344527,2,1,.8060564,0
175,"CafeEccell",85,7.054692,2,2,3.095246,0
175,"LosNortenos",85,9.140191,2,3,4.352983,0
175,"WingsNmore",85,8.551141,2,2,5.313449,1
175,"Christophers",85,27.90506,2,4,4.118691,0
175,"MadCows",85,29.82712,2,5,6.489523,0
176,"Freebirds",52,4.803103,1,0,2.656757,0
176,"MamasPizza",52,5.898369,1,1,3.518595,0
176,"CafeEccell",52,8.263267,1,2,4.14872,0
176,"LosNortenos",52,9.387645,1,3,5.073562,0
176,"WingsNmore",52,8.86704,1,2,3.724175,1
176,"Christophers",52,25.33205,1,4,5.405765,0
176,"MadCows",52,26.69606,1,5,7.018236,0
177,"Freebirds",46,4.720691,4,0,2.928035,0
177,"MamasPizza",46,5.942873,4,1,3.708288,0
177,"CafeEccell",46,7.509031,4,2,4.777424,0
177,"LosNortenos",46,10.41209,4,3,4.635156,0
177,"WingsNmore",46,9.412161,4,2,5.712124,1
177,"Christophers",46,27.81241,4,4,3.198046,0
177,"MadCows",46,24.07553,4,5,7.200903,0
178,"Freebirds",39,5.297891,2,0,2.444461,0
178,"MamasPizza",39,6.299046,2,1,3.860583,0
178,"CafeEccell",39,7.843319,2,2,4.903876,0
178,"LosNortenos",39,9.984768,2,3,4.97618,0
178,"WingsNmore",39,8.617154,2,2,5.100607,1
178,"Christophers",39,26.54387,2,4,8.15479,0
178,"MadCows",39,29.53779,2,5,.6681728,0
179,"Freebirds",26,5.160863,2,0,1.727632,0
179,"MamasPizza",26,5.357624,2,1,2.730245,1
179,"CafeEccell",26,8.870927,2,2,3.53699,0
179,"LosNortenos",26,9.329617,2,3,5.650551,0
179,"WingsNmore",26,9.923372,2,2,4.414389,0
179,"Christophers",26,22.55716,2,4,5.555295,0
179,"MadCows",26,27.17335,2,5,7.696203,0
180,"Freebirds",16,5.096832,3,0,3.36135,0
180,"MamasPizza",16,6.02112,3,1,2.936142,1
180,"CafeEccell",16,7.646565,3,2,3.569232,0
180,"LosNortenos",16,10.55662,3,3,7.070207,0
180,"WingsNmore",16,9.159896,3,2,5.663702,0
180,"Christophers",16,21.15534,3,4,7.4427,0
180,"MadCows",16,28.54531,3,5,5.549612,0
181,"Freebirds",39,4.405834,4,0,3.540696,0
181,"MamasPizza",39,6.033926,4,1,1.047055,0
181,"CafeEccell",39,6.967254,4,2,5.036777,1
181,"LosNortenos",39,9.750135,4,3,5.699112,0
181,"WingsNmore",39,8.459243,4,2,5.514238,0
181,"Christophers",39,26.85873,4,4,7.167796,0
181,"MadCows",39,26.57724,4,5,7.045921,0
182,"Freebirds",49,4.462594,1,0,2.989057,0
182,"MamasPizza",49,6.416399,1,1,4.156946,0
182,"CafeEccell",49,7.286008,1,2,5.693981,0
182,"LosNortenos",49,9.715097,1,3,4.587846,0
182,"WingsNmore",49,8.897614,1,2,6.644018,1
182,"Christophers",49,25.01945,1,4,8.44597,0
182,"MadCows",49,27.34149,1,5,6.027574,0
183,"Freebirds",10,5.482046,3,0,2.566734,0
183,"MamasPizza",10,6.2588,3,1,1.916528,0
183,"CafeEccell",10,8.498369,3,2,4.486293,0
183,"LosNortenos",10,9.682166,3,3,4.981919,0
183,"WingsNmore",10,8.555943,3,2,4.181218,1
183,"Christophers",10,25.86057,3,4,8.714388,0
183,"MadCows",10,27.38103,3,5,8.290588,0
184,"Freebirds",60,5.104568,0,0,1.920712,0
184,"MamasPizza",60,5.954979,0,1,3.505529,0
184,"CafeEccell",60,7.654331,0,2,2.390917,0
184,"LosNortenos",60,9.68477,0,3,4.97427,0
184,"WingsNmore",60,8.568735,0,2,5.261307,1
184,"Christophers",60,24.37749,0,4,6.880772,0
184,"MadCows",60,31.23363,0,5,9.456707,0
185,"Freebirds",35,5.800142,5,0,1.925583,0
185,"MamasPizza",35,5.287119,5,1,3.3319,0
185,"CafeEccell",35,8.832342,5,2,3.868745,0
185,"LosNortenos",35,10.14108,5,3,4.300723,0
185,"WingsNmore",35,9.237295,5,2,7.545988,1
185,"Christophers",35,24.29715,5,4,6.778751,0
185,"MadCows",35,27.01502,5,5,6.416605,0
186,"Freebirds",53,5.033319,5,0,4.294303,0
186,"MamasPizza",53,6.485929,5,1,3.671761,0
186,"CafeEccell",53,8.307568,5,2,5.960146,0
186,"LosNortenos",53,10.16934,5,3,5.989325,0
186,"WingsNmore",53,8.53262,5,2,6.661272,0
186,"Christophers",53,22.09719,5,4,5.792994,1
186,"MadCows",53,22.55539,5,5,8.837932,0
187,"Freebirds",10,5.039816,3,0,3.705421,0
187,"MamasPizza",10,5.978587,3,1,2.14355,0
187,"CafeEccell",10,8.439259,3,2,4.97702,1
187,"LosNortenos",10,9.853844,3,3,5.759705,0
187,"WingsNmore",10,9.328273,3,2,5.698638,0
187,"Christophers",10,27.57413,3,4,7.306655,0
187,"MadCows",10,30.70843,3,5,5.45133,0
188,"Freebirds",50,4.823447,5,0,2.791566,0
188,"MamasPizza",50,5.840775,5,1,1.332241,0
188,"CafeEccell",50,7.475839,5,2,5.538587,1
188,"LosNortenos",50,10.61906,5,3,5.031435,0
188,"WingsNmore",50,8.386794,5,2,4.856482,0
188,"Christophers",50,25.87836,5,4,6.189025,0
188,"MadCows",50,29.36198,5,5,8.736173,0
189,"Freebirds",49,5.440241,5,0,1.542524,0
189,"MamasPizza",49,6.140003,5,1,3.813504,0
189,"CafeEccell",49,8.133388,5,2,3.97346,0
189,"LosNortenos",49,9.375912,5,3,5.22887,0
189,"WingsNmore",49,9.360837,5,2,5.778797,1
189,"Christophers",49,28.25809,5,4,6.363242,0
189,"MadCows",49,26.40184,5,5,6.285065,0
190,"Freebirds",77,4.885666,3,0,1.898395,0
190,"MamasPizza",77,6.286913,3,1,2.716686,0
190,"CafeEccell",77,8.858506,3,2,4.249459,1
190,"LosNortenos",77,9.259693,3,3,5.265893,0
190,"WingsNmore",77,9.308703,3,2,3.996009,0
190,"Christophers",77,23.22264,3,4,7.411168,0
190,"MadCows",77,27.17341,3,5,7.639309,0
191,"Freebirds",46,4.920235,0,0,2.051582,0
191,"MamasPizza",46,5.838974,0,1,2.101804,0
191,"CafeEccell",46,7.963176,0,2,5.737059,0
191,"LosNortenos",46,11.30957,0,3,4.152478,0
191,"WingsNmore",46,9.257629,0,2,4.688669,1
191,"Christophers",46,26.60796,0,4,3.771691,0
191,"MadCows",46,25.92734,0,5,5.454332,0
192,"Freebirds",10,5.001316,4,0,3.480089,1
192,"MamasPizza",10,6.58637,4,1,3.002853,0
192,"CafeEccell",10,7.575541,4,2,7.458171,0
192,"LosNortenos",10,10.21364,4,3,4.782836,0
192,"WingsNmore",10,7.837873,4,2,4.928308,0
192,"Christophers",10,24.15526,4,4,8.486714,0
192,"MadCows",10,26.89976,4,5,3.190144,0
193,"Freebirds",55,5.069609,2,0,3.174035,0
193,"MamasPizza",55,6.300174,2,1,1.953008,0
193,"CafeEccell",55,8.804931,2,2,5.004395,0
193,"LosNortenos",55,10.22543,2,3,6.294132,0
193,"WingsNmore",55,8.097057,2,2,5.937088,1
193,"Christophers",55,24.70013,2,4,7.983575,0
193,"MadCows",55,27.86937,2,5,7.428952,0
194,"Freebirds",10,4.926067,3,0,3.366927,0
194,"MamasPizza",10,6.280646,3,1,2.635105,1
194,"CafeEccell",10,8.237049,3,2,4.07729,0
194,"LosNortenos",10,9.553149,3,3,5.926825,0
194,"WingsNmore",10,8.742451,3,2,5.217181,0
194,"Christophers",10,25.14523,3,4,4.561955,0
194,"MadCows",10,23.70996,3,5,11.00244,0
195,"Freebirds",10,5.19822,4,0,3.184693,0
195,"MamasPizza",10,5.701643,4,1,3.820025,0
195,"CafeEccell",10,8.221575,4,2,5.408343,0
195,"LosNortenos",10,9.0924,4,3,4.052318,1
195,"WingsNmore",10,9.500571,4,2,5.735693,0
195,"Christophers",10,24.19116,4,4,4.61376,0
195,"MadCows",10,23.56147,4,5,9.200393,0
196,"Freebirds",23,4.359483,2,0,3.721171,0
196,"MamasPizza",23,6.166394,2,1,3.230611,0
196,"CafeEccell",23,8.651066,2,2,4.381221,0
196,"LosNortenos",23,10.33673,2,3,4.818859,1
196,"WingsNmore",23,9.230959,2,2,5.550148,0
196,"Christophers",23,28.06254,2,4,7.841839,0
196,"MadCows",23,28.51928,2,5,6.306383,0
197,"Freebirds",24,5.262964,2,0,4.878703,0
197,"MamasPizza",24,5.722707,2,1,2.875751,0
197,"CafeEccell",24,8.585385,2,2,4.577092,0
197,"LosNortenos",24,10.15525,2,3,4.231694,1
197,"WingsNmore",24,8.591891,2,2,5.955866,0
197,"Christophers",24,27.37077,2,4,8.168435,0
197,"MadCows",24,28.4998,2,5,5.937235,0
198,"Freebirds",38,4.997097,2,0,2.184021,0
198,"MamasPizza",38,6.057296,2,1,1.999526,0
198,"CafeEccell",38,8.63133,2,2,5.668023,0
198,"LosNortenos",38,10.46139,2,3,2.67325,0
198,"WingsNmore",38,9.793553,2,2,5.7158,1
198,"Christophers",38,22.94425,2,4,8.207228,0
198,"MadCows",38,25.65598,2,5,8.841228,0
199,"Freebirds",42,4.914535,2,0,2.897368,0
199,"MamasPizza",42,5.672121,2,1,1.613262,0
199,"CafeEccell",42,8.536369,2,2,7.221017,0
199,"LosNortenos",42,9.275528,2,3,3.92467,1
199,"WingsNmore",42,9.154786,2,2,4.319741,0
199,"Christophers",42,24.81079,2,4,7.677832,0
199,"MadCows",42,29.15298,2,5,5.405383,0
200,"Freebirds",31,4.735199,0,0,3.539792,0
200,"MamasPizza",31,5.990091,0,1,2.686793,0
200,"CafeEccell",31,7.739586,0,2,3.931509,0
200,"LosNortenos",31,10.70153,0,3,3.52101,0
200,"WingsNmore",31,9.190301,0,2,3.089643,1
200,"Christophers",31,23.83557,0,4,7.151399,0
200,"MadCows",31,25.04634,0,5,4.368036,0
201,"Freebirds",70,5.557943,3,0,3.07353,0
201,"MamasPizza",70,5.960507,3,1,2.960031,0
201,"CafeEccell",70,7.896406,3,2,4.541771,1
201,"LosNortenos",70,10.29214,3,3,5.048172,0
201,"WingsNmore",70,8.354708,3,2,5.480162,0
201,"Christophers",70,25.91798,3,4,7.160006,0
201,"MadCows",70,31.67105,3,5,2.615709,0
202,"Freebirds",29,4.9788,4,0,3.041758,0
202,"MamasPizza",29,5.525754,4,1,3.939095,0
202,"CafeEccell",29,7.44684,4,2,5.742414,0
202,"LosNortenos",29,10.42635,4,3,4.360095,1
202,"WingsNmore",29,8.655548,4,2,5.315068,0
202,"Christophers",29,27.04024,4,4,7.75114,0
202,"MadCows",29,30.43434,4,5,8.844689,0
203,"Freebirds",53,5.553289,3,0,2.764676,0
203,"MamasPizza",53,6.145779,3,1,4.997778,0
203,"CafeEccell",53,8.171587,3,2,6.335904,0
203,"LosNortenos",53,10.66031,3,3,4.072615,0
203,"WingsNmore",53,9.83205,3,2,4.597629,1
203,"Christophers",53,26.07678,3,4,9.31032,0
203,"MadCows",53,29.1526,3,5,6.33312,0
204,"Freebirds",46,5.073937,5,0,4.524259,0
204,"MamasPizza",46,5.813624,5,1,2.896246,0
204,"CafeEccell",46,7.740229,5,2,3.157213,0
204,"LosNortenos",46,9.35289,5,3,4.145982,0
204,"WingsNmore",46,9.439961,5,2,5.568643,1
204,"Christophers",46,22.49026,5,4,5.500422,0
204,"MadCows",46,26.52567,5,5,7.492599,0
205,"Freebirds",10,5.483837,2,0,2.961919,0
205,"MamasPizza",10,4.904292,2,1,3.788576,0
205,"CafeEccell",10,7.473421,2,2,4.869172,0
205,"LosNortenos",10,10.41026,2,3,5.648468,1
205,"WingsNmore",10,8.562342,2,2,5.360449,0
205,"Christophers",10,20.68479,2,4,6.274465,0
205,"MadCows",10,26.49339,2,5,7.634955,0
206,"Freebirds",10,5.314092,3,0,3.058074,1
206,"MamasPizza",10,6.109775,3,1,2.356765,0
206,"CafeEccell",10,8.113764,3,2,6.035524,0
206,"LosNortenos",10,9.425681,3,3,4.303219,0
206,"WingsNmore",10,9.534021,3,2,5.197689,0
206,"Christophers",10,28.04711,3,4,6.333247,0
206,"MadCows",10,28.63707,3,5,8.579831,0
207,"Freebirds",58,5.050604,1,0,4.713233,0
207,"MamasPizza",58,5.806517,1,1,1.73123,0
207,"CafeEccell",58,7.975033,1,2,4.835513,0
207,"LosNortenos",58,8.838795,1,3,5.88097,0
207,"WingsNmore",58,9.39875,1,2,4.799319,1
207,"Christophers",58,23.52396,1,4,6.516905,0
207,"MadCows",58,29.88161,1,5,7.640429,0
208,"Freebirds",47,4.610024,4,0,3.302255,0
208,"MamasPizza",47,6.12594,4,1,2.962349,0
208,"CafeEccell",47,7.808785,4,2,6.286032,1
208,"LosNortenos",47,10.08985,4,3,4.215228,0
208,"WingsNmore",47,9.079456,4,2,5.978946,0
208,"Christophers",47,26.032,4,4,2.989695,0
208,"MadCows",47,28.54506,4,5,8.089128,0
209,"Freebirds",46,5.172135,1,0,1.856114,0
209,"MamasPizza",46,6.337812,1,1,1.921422,0
209,"CafeEccell",46,8.381801,1,2,6.384033,0
209,"LosNortenos",46,10.24591,1,3,5.233023,1
209,"WingsNmore",46,8.840492,1,2,3.620589,0
209,"Christophers",46,20.95337,1,4,5.252341,0
209,"MadCows",46,26.32793,1,5,8.248233,0
210,"Freebirds",41,4.81076,1,0,3.457902,0
210,"MamasPizza",41,5.907761,1,1,2.414276,0
210,"CafeEccell",41,7.991761,1,2,6.434635,1
210,"LosNortenos",41,10.03708,1,3,6.22608,0
210,"WingsNmore",41,8.80964,1,2,6.147604,0
210,"Christophers",41,26.95902,1,4,6.961075,0
210,"MadCows",41,28.62476,1,5,6.014869,0
211,"Freebirds",57,5.203392,1,0,4.30858,0
211,"MamasPizza",57,5.985458,1,1,2.988729,0
211,"CafeEccell",57,7.583094,1,2,6.345065,0
211,"LosNortenos",57,10.56868,1,3,6.927841,0
211,"WingsNmore",57,8.805261,1,2,3.795939,0
211,"Christophers",57,25.32738,1,4,8.673789,0
211,"MadCows",57,29.08327,1,5,6.542571,1
212,"Freebirds",76,5.098213,1,0,3.461231,0
212,"MamasPizza",76,6.281438,1,1,3.649506,0
212,"CafeEccell",76,8.246042,1,2,4.533646,0
212,"LosNortenos",76,10.21767,1,3,4.958807,1
212,"WingsNmore",76,9.111043,1,2,6.526502,0
212,"Christophers",76,23.24879,1,4,8.854496,0
212,"MadCows",76,28.88958,1,5,9.128522,0
213,"Freebirds",35,5.317842,4,0,2.127163,0
213,"MamasPizza",35,6.195593,4,1,3.441354,0
213,"CafeEccell",35,8.185615,4,2,3.508579,1
213,"LosNortenos",35,10.78931,4,3,5.34862,0
213,"WingsNmore",35,8.300328,4,2,6.575508,0
213,"Christophers",35,27.04357,4,4,7.580308,0
213,"MadCows",35,28.71274,4,5,9.428587,0
214,"Freebirds",64,4.9494,2,0,1.670014,0
214,"MamasPizza",64,5.97416,2,1,3.224036,0
214,"CafeEccell",64,8.200404,2,2,5.375635,0
214,"LosNortenos",64,10.3385,2,3,4.162529,0
214,"WingsNmore",64,9.311657,2,2,5.784568,1
214,"Christophers",64,24.80436,2,4,10.77099,0
214,"MadCows",64,27.71726,2,5,6.782758,0
215,"Freebirds",41,4.849973,3,0,4.841122,0
215,"MamasPizza",41,5.937922,3,1,3.512461,0
215,"CafeEccell",41,7.822934,3,2,5.868368,1
215,"LosNortenos",41,11.24124,3,3,3.490157,0
215,"WingsNmore",41,8.943095,3,2,2.924157,0
215,"Christophers",41,24.95529,3,4,7.415148,0
215,"MadCows",41,28.40567,3,5,7.864345,0
216,"Freebirds",42,5.148412,0,0,3.023095,0
216,"MamasPizza",42,6.27811,0,1,3.124265,0
216,"CafeEccell",42,8.312381,0,2,4.440984,0
216,"LosNortenos",42,10.13003,0,3,5.922449,1
216,"WingsNmore",42,9.502335,0,2,4.87528,0
216,"Christophers",42,28.48108,0,4,5.975281,0
216,"MadCows",42,27.63084,0,5,4.9586,0
217,"Freebirds",28,4.703243,3,0,2.088879,0
217,"MamasPizza",28,5.506434,3,1,4.013411,0
217,"CafeEccell",28,7.82547,3,2,3.219981,0
217,"LosNortenos",28,10.33854,3,3,6.697756,0
217,"WingsNmore",28,8.832604,3,2,5.379897,1
217,"Christophers",28,24.40541,3,4,6.590129,0
217,"MadCows",28,26.14061,3,5,5.39035,0
218,"Freebirds",43,4.614911,3,0,2.853156,0
218,"MamasPizza",43,5.805729,3,1,.9458057,0
218,"CafeEccell",43,6.795268,3,2,3.661449,1
218,"LosNortenos",43,10.80998,3,3,8.127866,0
218,"WingsNmore",43,8.745052,3,2,5.219006,0
218,"Christophers",43,26.95089,3,4,9.585143,0
218,"MadCows",43,29.36084,3,5,6.006509,0
219,"Freebirds",21,4.883188,2,0,2.978846,0
219,"MamasPizza",21,5.392521,2,1,3.468745,0
219,"CafeEccell",21,8.370262,2,2,5.774089,0
219,"LosNortenos",21,9.557873,2,3,3.332976,1
219,"WingsNmore",21,8.892045,2,2,6.037154,0
219,"Christophers",21,28.21547,2,4,4.451101,0
219,"MadCows",21,24.36955,2,5,4.359891,0
220,"Freebirds",41,5.229139,3,0,3.60577,0
220,"MamasPizza",41,6.024858,3,1,3.083663,1
220,"CafeEccell",41,8.37681,3,2,4.476727,0
220,"LosNortenos",41,9.825817,3,3,6.589292,0
220,"WingsNmore",41,9.009849,3,2,4.989084,0
220,"Christophers",41,21.15947,3,4,6.860914,0
220,"MadCows",41,24.57867,3,5,5.980227,0
221,"Freebirds",49,4.901858,0,0,2.997176,0
221,"MamasPizza",49,6.368987,0,1,2.801911,0
221,"CafeEccell",49,7.869003,0,2,6.43643,0
221,"LosNortenos",49,10.80988,0,3,6.824368,0
221,"WingsNmore",49,9.594743,0,2,7.335548,0
221,"Christophers",49,26.8959,0,4,7.8088,0
221,"MadCows",49,27.07071,0,5,7.311956,1
222,"Freebirds",22,4.89368,3,0,1.817026,0
222,"MamasPizza",22,6.08827,3,1,2.239577,0
222,"CafeEccell",22,7.994921,3,2,3.525085,0
222,"LosNortenos",22,10.1129,3,3,3.079755,1
222,"WingsNmore",22,9.181716,3,2,3.396806,0
222,"Christophers",22,23.01261,3,4,9.815848,0
222,"MadCows",22,27.50825,3,5,8.614445,0
223,"Freebirds",36,4.59371,6,0,3.199967,0
223,"MamasPizza",36,5.581187,6,1,4.403843,0
223,"CafeEccell",36,8.178703,6,2,6.580719,1
223,"LosNortenos",36,10.37079,6,3,7.517902,0
223,"WingsNmore",36,9.082763,6,2,3.876615,0
223,"Christophers",36,24.96862,6,4,3.614071,0
223,"MadCows",36,29.05542,6,5,2.085694,0
224,"Freebirds",52,4.74726,5,0,4.035501,0
224,"MamasPizza",52,5.705146,5,1,2.748697,0
224,"CafeEccell",52,7.066669,5,2,5.198905,0
224,"LosNortenos",52,10.60394,5,3,4.4873,0
224,"WingsNmore",52,9.686849,5,2,8.154464,1
224,"Christophers",52,29.44882,5,4,6.84955,0
224,"MadCows",52,24.70128,5,5,7.187508,0
225,"Freebirds",65,4.995494,3,0,2.816748,0
225,"MamasPizza",65,6.454978,3,1,3.719995,0
225,"CafeEccell",65,8.306567,3,2,4.707842,0
225,"LosNortenos",65,9.354562,3,3,4.138102,1
225,"WingsNmore",65,7.75614,3,2,3.99899,0
225,"Christophers",65,28.11916,3,4,7.004242,0
225,"MadCows",65,25.93605,3,5,8.162757,0
226,"Freebirds",74,4.734227,3,0,3.176983,0
226,"MamasPizza",74,5.764765,3,1,4.843521,0
226,"CafeEccell",74,7.776282,3,2,7.113859,0
226,"LosNortenos",74,9.532009,3,3,6.579551,0
226,"WingsNmore",74,9.035046,3,2,7.057066,0
226,"Christophers",74,27.01981,3,4,7.303445,0
226,"MadCows",74,28.31948,3,5,8.382257,1
227,"Freebirds",45,5.507752,2,0,2.125604,0
227,"MamasPizza",45,6.049381,2,1,4.083852,0
227,"CafeEccell",45,8.377358,2,2,2.908179,0
227,"LosNortenos",45,9.384352,2,3,5.534392,1
227,"WingsNmore",45,8.818751,2,2,4.045153,0
227,"Christophers",45,24.19096,2,4,7.792542,0
227,"MadCows",45,28.21723,2,5,9.967725,0
228,"Freebirds",19,5.243185,0,0,3.174875,0
228,"MamasPizza",19,6.50422,0,1,3.134835,0
228,"CafeEccell",19,7.47565,0,2,4.455523,0
228,"LosNortenos",19,10.23166,0,3,5.709003,1
228,"WingsNmore",19,8.774491,0,2,5.672339,0
228,"Christophers",19,27.08157,0,4,8.786306,0
228,"MadCows",19,25.19315,0,5,8.704719,0
229,"Freebirds",18,4.606687,0,0,3.382814,0
229,"MamasPizza",18,6.231081,0,1,2.923553,0
229,"CafeEccell",18,7.750503,0,2,4.065019,0
229,"LosNortenos",18,9.567643,0,3,5.08722,0
229,"WingsNmore",18,9.146591,0,2,5.942473,0
229,"Christophers",18,25.50789,0,4,3.50998,1
229,"MadCows",18,25.08651,0,5,7.82461,0
230,"Freebirds",10,5.242466,3,0,3.193268,0
230,"MamasPizza",10,6.443197,3,1,2.166161,0
230,"CafeEccell",10,7.827369,3,2,5.429508,0
230,"LosNortenos",10,8.97119,3,3,4.504665,1
230,"WingsNmore",10,9.792498,3,2,6.241493,0
230,"Christophers",10,25.54684,3,4,8.503927,0
230,"MadCows",10,28.95318,3,5,8.302288,0
231,"Freebirds",45,4.974883,3,0,5.035781,0
231,"MamasPizza",45,5.975356,3,1,3.025027,0
231,"CafeEccell",45,7.740094,3,2,4.956185,0
231,"LosNortenos",45,9.831372,3,3,6.433921,0
231,"WingsNmore",45,9.307145,3,2,4.957622,1
231,"Christophers",45,24.00046,3,4,9.100062,0
231,"MadCows",45,26.44824,3,5,5.785412,0
232,"Freebirds",72,5.320107,5,0,3.000405,0
232,"MamasPizza",72,6.071031,5,1,3.994621,0
232,"CafeEccell",72,7.629301,5,2,4.180937,0
232,"LosNortenos",72,8.869999,5,3,7.129409,0
232,"WingsNmore",72,8.387541,5,2,4.502148,0
232,"Christophers",72,25.56641,5,4,8.697802,1
232,"MadCows",72,25.9362,5,5,4.697194,0
233,"Freebirds",63,5.295016,4,0,3.930742,0
233,"MamasPizza",63,5.303655,4,1,1.434603,0
233,"CafeEccell",63,8.277132,4,2,5.017368,0
233,"LosNortenos",63,9.705646,4,3,3.631744,0
233,"WingsNmore",63,9.508928,4,2,5.218686,1
233,"Christophers",63,26.07076,4,4,5.124087,0
233,"MadCows",63,22.13028,4,5,9.020975,0
234,"Freebirds",59,4.975454,2,0,3.606908,0
234,"MamasPizza",59,6.587714,2,1,3.723446,0
234,"CafeEccell",59,7.633022,2,2,4.163396,0
234,"LosNortenos",59,8.849961,2,3,7.480737,0
234,"WingsNmore",59,8.709465,2,2,5.515791,0
234,"Christophers",59,26.48844,2,4,4.169055,0
234,"MadCows",59,26.02483,2,5,4.237005,1
235,"Freebirds",79,4.789066,5,0,3.216182,0
235,"MamasPizza",79,5.839792,5,1,2.525953,0
235,"CafeEccell",79,7.887994,5,2,2.424903,0
235,"LosNortenos",79,10.58502,5,3,7.443776,0
235,"WingsNmore",79,8.934843,5,2,4.396237,0
235,"Christophers",79,23.30931,5,4,4.783287,1
235,"MadCows",79,25.83475,5,5,7.611471,0
236,"Freebirds",32,4.583013,4,0,3.403638,0
236,"MamasPizza",32,6.065885,4,1,3.549569,0
236,"CafeEccell",32,8.179893,4,2,5.484315,0
236,"LosNortenos",32,10.59155,4,3,6.208634,0
236,"WingsNmore",32,9.422446,4,2,5.197377,0
236,"Christophers",32,23.58047,4,4,6.785003,0
236,"MadCows",32,25.14256,4,5,4.357126,1
237,"Freebirds",10,5.116285,5,0,4.238859,0
237,"MamasPizza",10,5.530786,5,1,5.32938,0
237,"CafeEccell",10,8.324039,5,2,4.383314,0
237,"LosNortenos",10,9.20322,5,3,6.001875,0
237,"WingsNmore",10,9.106642,5,2,2.779383,1
237,"Christophers",10,27.46979,5,4,8.240089,0
237,"MadCows",10,28.04645,5,5,7.120503,0
238,"Freebirds",31,5.281481,1,0,2.93764,0
238,"MamasPizza",31,5.843637,1,1,3.338742,1
238,"CafeEccell",31,7.75468,1,2,5.173321,0
238,"LosNortenos",31,10.04527,1,3,5.854664,0
238,"WingsNmore",31,8.784621,1,2,5.090024,0
238,"Christophers",31,24.7991,1,4,7.349627,0
238,"MadCows",31,28.25272,1,5,7.612585,0
239,"Freebirds",56,4.810043,1,0,2.921748,0
239,"MamasPizza",56,6.173007,1,1,3.585349,0
239,"CafeEccell",56,7.81578,1,2,8.138522,0
239,"LosNortenos",56,10.31681,1,3,5.206388,1
239,"WingsNmore",56,9.15269,1,2,6.190556,0
239,"Christophers",56,22.64066,1,4,7.941172,0
239,"MadCows",56,24.11456,1,5,6.070813,0
240,"Freebirds",33,5.386995,0,0,2.529734,0
240,"MamasPizza",33,6.21894,0,1,2.158459,0
240,"CafeEccell",33,8.616199,0,2,4.6884,0
240,"LosNortenos",33,10.28728,0,3,7.60204,0
240,"WingsNmore",33,8.836737,0,2,2.587315,0
240,"Christophers",33,23.61809,0,4,6.557172,0
240,"MadCows",33,23.98812,0,5,5.507961,1
241,"Freebirds",71,5.465399,4,0,2.334599,0
241,"MamasPizza",71,6.564121,4,1,3.67698,0
241,"CafeEccell",71,8.184048,4,2,6.230529,1
241,"LosNortenos",71,9.430505,4,3,4.142211,0
241,"WingsNmore",71,8.333025,4,2,5.059434,0
241,"Christophers",71,23.37957,4,4,9.208604,0
241,"MadCows",71,24.47094,4,5,6.066872,0
242,"Freebirds",45,4.926103,7,0,3.812968,0
242,"MamasPizza",45,6.215971,7,1,3.176561,0
242,"CafeEccell",45,8.197323,7,2,4.465767,0
242,"LosNortenos",45,10.22741,7,3,5.646076,0
242,"WingsNmore",45,9.060212,7,2,3.033548,1
242,"Christophers",45,26.4225,7,4,7.065018,0
242,"MadCows",45,22.5259,7,5,9.765792,0
243,"Freebirds",10,5.162989,4,0,3.688106,0
243,"MamasPizza",10,6.070711,4,1,2.421632,0
243,"CafeEccell",10,7.979634,4,2,2.721284,1
243,"LosNortenos",10,10.29241,4,3,4.514254,0
243,"WingsNmore",10,8.381413,4,2,4.655337,0
243,"Christophers",10,21.83281,4,4,7.447484,0
243,"MadCows",10,27.67198,4,5,4.747201,0
244,"Freebirds",57,5.168267,1,0,1.633777,0
244,"MamasPizza",57,6.375103,1,1,5.441338,0
244,"CafeEccell",57,7.754235,1,2,6.348869,1
244,"LosNortenos",57,9.750107,1,3,4.968133,0
244,"WingsNmore",57,9.122477,1,2,4.477388,0
244,"Christophers",57,24.69501,1,4,8.52562,0
244,"MadCows",57,28.50785,1,5,8.498241,0
245,"Freebirds",39,4.982244,3,0,2.342439,0
245,"MamasPizza",39,5.801136,3,1,3.175527,0
245,"CafeEccell",39,7.259828,3,2,4.483125,1
245,"LosNortenos",39,9.774963,3,3,4.322239,0
245,"WingsNmore",39,8.122219,3,2,6.850494,0
245,"Christophers",39,26.13227,3,4,9.322184,0
245,"MadCows",39,27.55711,3,5,6.386452,0
246,"Freebirds",24,5.450353,5,0,3.45726,0
246,"MamasPizza",24,6.237775,5,1,2.445156,0
246,"CafeEccell",24,8.452624,5,2,5.941794,1
246,"LosNortenos",24,9.597121,5,3,5.420149,0
246,"WingsNmore",24,8.731228,5,2,5.532598,0
246,"Christophers",24,25.96147,5,4,7.14854,0
246,"MadCows",24,31.86488,5,5,4.045579,0
247,"Freebirds",33,5.281028,1,0,2.648328,0
247,"MamasPizza",33,5.958744,1,1,3.376448,0
247,"CafeEccell",33,7.60004,1,2,6.526546,0
247,"LosNortenos",33,9.964252,1,3,5.744369,1
247,"WingsNmore",33,9.032825,1,2,3.892426,0
247,"Christophers",33,21.57123,1,4,10.20633,0
247,"MadCows",33,26.13204,1,5,9.072153,0
248,"Freebirds",48,5.33307,2,0,3.557187,0
248,"MamasPizza",48,6.132043,2,1,3.162817,0
248,"CafeEccell",48,7.648456,2,2,4.190126,1
248,"LosNortenos",48,9.837063,2,3,6.678854,0
248,"WingsNmore",48,9.036024,2,2,7.336408,0
248,"Christophers",48,27.0484,2,4,6.165585,0
248,"MadCows",48,27.99916,2,5,9.109725,0
249,"Freebirds",40,4.837569,2,0,1.864446,0
249,"MamasPizza",40,5.981355,2,1,4.114904,0
249,"CafeEccell",40,8.186026,2,2,4.522743,0
249,"LosNortenos",40,10.5504,2,3,5.716439,0
249,"WingsNmore",40,9.239792,2,2,6.145823,0
249,"Christophers",40,25.49066,2,4,5.525645,0
249,"MadCows",40,28.42325,2,5,6.151569,1
250,"Freebirds",12,4.997689,2,0,2.286756,1
250,"MamasPizza",12,5.987445,2,1,2.512202,0
250,"CafeEccell",12,8.320769,2,2,4.541143,0
250,"LosNortenos",12,9.201365,2,3,5.894424,0
250,"WingsNmore",12,9.459386,2,2,4.439157,0
250,"Christophers",12,23.19102,2,4,11.3667,0
250,"MadCows",12,24.86336,2,5,5.189312,0
251,"Freebirds",10,4.92632,2,0,4.093058,0
251,"MamasPizza",10,5.965704,2,1,4.356302,0
251,"CafeEccell",10,8.518211,2,2,5.707647,0
251,"LosNortenos",10,10.45926,2,3,.7468538,1
251,"WingsNmore",10,10.08062,2,2,6.785029,0
251,"Christophers",10,24.6054,2,4,6.33468,0
251,"MadCows",10,28.37748,2,5,6.743477,0
252,"Freebirds",47,5.293544,0,0,1.349609,0
252,"MamasPizza",47,5.812442,0,1,.2272375,0
252,"CafeEccell",47,8.564414,0,2,5.721213,0
252,"LosNortenos",47,10.73059,0,3,4.268861,0
252,"WingsNmore",47,8.845916,0,2,4.767648,1
252,"Christophers",47,23.31782,0,4,7.378951,0
252,"MadCows",47,25.58213,0,5,9.788373,0
253,"Freebirds",46,4.375936,1,0,3.458515,0
253,"MamasPizza",46,5.263888,1,1,5.954166,0
253,"CafeEccell",46,7.920164,1,2,4.111601,0
253,"LosNortenos",46,9.929719,1,3,5.02183,1
253,"WingsNmore",46,8.390289,1,2,5.452066,0
253,"Christophers",46,23.58093,1,4,12.66452,0
253,"MadCows",46,26.91788,1,5,9.135574,0
254,"Freebirds",54,5.244645,0,0,2.275856,0
254,"MamasPizza",54,6.229456,0,1,2.651816,0
254,"CafeEccell",54,7.923395,0,2,5.322838,0
254,"LosNortenos",54,10.17048,0,3,1.49096,1
254,"WingsNmore",54,9.012752,0,2,3.363777,0
254,"Christophers",54,21.76259,0,4,8.33116,0
254,"MadCows",54,31.2405,0,5,8.466347,0
255,"Freebirds",13,4.900162,4,0,2.167292,0
255,"MamasPizza",13,5.961111,4,1,3.833989,0
255,"CafeEccell",13,8.279575,4,2,4.483257,1
255,"LosNortenos",13,9.360099,4,3,3.607133,0
255,"WingsNmore",13,8.734993,4,2,2.947805,0
255,"Christophers",13,25.02667,4,4,6.845275,0
255,"MadCows",13,28.06578,4,5,8.991948,0
256,"Freebirds",31,5.074553,3,0,3.172732,0
256,"MamasPizza",31,5.584183,3,1,5.859468,0
256,"CafeEccell",31,8.024491,3,2,4.92031,0
256,"LosNortenos",31,9.399691,3,3,6.388719,0
256,"WingsNmore",31,9.252728,3,2,5.174336,0
256,"Christophers",31,23.42629,3,4,5.479928,1
256,"MadCows",31,25.57616,3,5,6.368888,0
257,"Freebirds",12,4.580681,3,0,3.973786,0
257,"MamasPizza",12,6.282687,3,1,3.175048,0
257,"CafeEccell",12,7.552969,3,2,4.106677,1
257,"LosNortenos",12,9.438879,3,3,4.223323,0
257,"WingsNmore",12,8.574125,3,2,4.896345,0
257,"Christophers",12,30.26182,3,4,7.078292,0
257,"MadCows",12,29.78366,3,5,5.599591,0
258,"Freebirds",44,5.018694,1,0,4.36796,0
258,"MamasPizza",44,6.620018,1,1,1.668833,0
258,"CafeEccell",44,8.41951,1,2,5.782439,0
258,"LosNortenos",44,9.595147,1,3,7.729631,1
258,"WingsNmore",44,8.287023,1,2,7.634088,0
258,"Christophers",44,24.84177,1,4,4.509497,0
258,"MadCows",44,28.98814,1,5,8.975039,0
259,"Freebirds",10,4.611417,4,0,3.395907,0
259,"MamasPizza",10,5.599955,4,1,3.667355,0
259,"CafeEccell",10,8.190702,4,2,4.240853,0
259,"LosNortenos",10,10.60077,4,3,3.880583,1
259,"WingsNmore",10,8.811265,4,2,4.347641,0
259,"Christophers",10,23.94239,4,4,7.157347,0
259,"MadCows",10,27.25577,4,5,4.714002,0
260,"Freebirds",44,4.891135,3,0,2.377864,0
260,"MamasPizza",44,5.969496,3,1,4.4484,0
260,"CafeEccell",44,8.653948,3,2,7.294735,0
260,"LosNortenos",44,10.14815,3,3,7.474463,0
260,"WingsNmore",44,8.675254,3,2,7.336665,1
260,"Christophers",44,26.73184,3,4,2.22009,0
260,"MadCows",44,28.43409,3,5,6.235133,0
261,"Freebirds",25,4.959613,3,0,2.93653,0
261,"MamasPizza",25,5.852051,3,1,2.66882,0
261,"CafeEccell",25,7.882537,3,2,6.339076,0
261,"LosNortenos",25,10.36858,3,3,3.888582,1
261,"WingsNmore",25,9.364087,3,2,6.824169,0
261,"Christophers",25,25.01705,3,4,5.6967,0
261,"MadCows",25,27.53148,3,5,9.722975,0
262,"Freebirds",25,4.876915,4,0,4.670006,0
262,"MamasPizza",25,6.266706,4,1,3.235144,0
262,"CafeEccell",25,7.422632,4,2,6.037056,1
262,"LosNortenos",25,9.802876,4,3,5.704267,0
262,"WingsNmore",25,8.613266,4,2,5.029973,0
262,"Christophers",25,23.05354,4,4,8.634718,0
262,"MadCows",25,28.59619,4,5,6.587243,0
263,"Freebirds",52,4.535192,1,0,3.993224,0
263,"MamasPizza",52,5.562456,1,1,4.112289,0
263,"CafeEccell",52,8.468428,1,2,5.277811,0
263,"LosNortenos",52,9.715178,1,3,5.373693,0
263,"WingsNmore",52,8.791967,1,2,5.407023,0
263,"Christophers",52,28.06103,1,4,2.828872,1
263,"MadCows",52,28.93207,1,5,7.318387,0
264,"Freebirds",62,5.0471,1,0,2.073805,0
264,"MamasPizza",62,6.065816,1,1,4.899034,0
264,"CafeEccell",62,8.088173,1,2,3.884353,1
264,"LosNortenos",62,9.691465,1,3,7.247856,0
264,"WingsNmore",62,9.145041,1,2,5.173163,0
264,"Christophers",62,23.15547,1,4,6.290907,0
264,"MadCows",62,28.46948,1,5,3.539701,0
265,"Freebirds",78,4.158626,3,0,1.832687,0
265,"MamasPizza",78,5.640576,3,1,2.754381,0
265,"CafeEccell",78,7.563526,3,2,5.459623,0
265,"LosNortenos",78,9.963766,3,3,5.503576,0
265,"WingsNmore",78,8.99589,3,2,4.987381,0
265,"Christophers",78,28.22918,3,4,6.287751,1
265,"MadCows",78,26.49389,3,5,6.57837,0
266,"Freebirds",60,5.294755,4,0,3.623607,0
266,"MamasPizza",60,6.055086,4,1,2.520054,0
266,"CafeEccell",60,8.577162,4,2,4.873143,1
266,"LosNortenos",60,9.964286,4,3,6.501989,0
266,"WingsNmore",60,8.93854,4,2,4.631283,0
266,"Christophers",60,27.67989,4,4,2.44943,0
266,"MadCows",60,27.15038,4,5,6.752135,0
267,"Freebirds",45,5.076556,2,0,2.938258,0
267,"MamasPizza",45,5.676598,2,1,3.944666,0
267,"CafeEccell",45,7.457849,2,2,6.510493,0
267,"LosNortenos",45,9.869433,2,3,5.141832,0
267,"WingsNmore",45,8.388246,2,2,5.724844,1
267,"Christophers",45,26.25496,2,4,6.872865,0
267,"MadCows",45,28.35572,2,5,11.33076,0
268,"Freebirds",44,5.511142,3,0,3.722886,1
268,"MamasPizza",44,5.98998,3,1,2.76919,0
268,"CafeEccell",44,8.510383,3,2,6.170982,0
268,"LosNortenos",44,9.554996,3,3,6.147526,0
268,"WingsNmore",44,8.066396,3,2,3.942929,0
268,"Christophers",44,23.64823,3,4,9.450498,0
268,"MadCows",44,25.57919,3,5,5.821789,0
269,"Freebirds",29,4.958241,5,0,3.29822,0
269,"MamasPizza",29,5.439919,5,1,3.84999,0
269,"CafeEccell",29,7.744422,5,2,5.027052,0
269,"LosNortenos",29,10.7951,5,3,4.993865,0
269,"WingsNmore",29,9.393074,5,2,5.07101,1
269,"Christophers",29,24.34016,5,4,7.845682,0
269,"MadCows",29,29.80207,5,5,6.961342,0
270,"Freebirds",42,5.247297,3,0,3.695151,0
270,"MamasPizza",42,5.2436,3,1,1.772032,0
270,"CafeEccell",42,8.084334,3,2,6.0004,0
270,"LosNortenos",42,9.339071,3,3,4.72789,1
270,"WingsNmore",42,9.356685,3,2,4.676272,0
270,"Christophers",42,24.13355,3,4,4.539982,0
270,"MadCows",42,25.07408,3,5,9.041186,0
271,"Freebirds",76,5.370409,1,0,4.273837,0
271,"MamasPizza",76,5.886616,1,1,2.894566,0
271,"CafeEccell",76,8.539223,1,2,4.031765,0
271,"LosNortenos",76,10.45495,1,3,5.14815,0
271,"WingsNmore",76,8.57544,1,2,4.343741,0
271,"Christophers",76,24.45588,1,4,8.379665,0
271,"MadCows",76,28.07306,1,5,7.860795,1
272,"Freebirds",51,4.795301,4,0,4.628852,0
272,"MamasPizza",51,6.077391,4,1,5.219354,0
272,"CafeEccell",51,7.201228,4,2,5.614191,1
272,"LosNortenos",51,10.16081,4,3,4.586271,0
272,"WingsNmore",51,9.188666,4,2,3.819742,0
272,"Christophers",51,25.26949,4,4,8.608199,0
272,"MadCows",51,24.93958,4,5,7.490616,0
273,"Freebirds",37,4.547181,2,0,2.219259,1
273,"MamasPizza",37,5.242341,2,1,2.090795,0
273,"CafeEccell",37,8.049483,2,2,5.950538,0
273,"LosNortenos",37,10.3195,2,3,4.656019,0
273,"WingsNmore",37,8.819435,2,2,3.518556,0
273,"Christophers",37,29.14813,2,4,9.425276,0
273,"MadCows",37,28.28313,2,5,4.205127,0
274,"Freebirds",10,5.273997,4,0,2.905219,0
274,"MamasPizza",10,5.99307,4,1,3.22726,0
274,"CafeEccell",10,8.076403,4,2,4.754157,1
274,"LosNortenos",10,10.27587,4,3,8.1927,0
274,"WingsNmore",10,8.839022,4,2,6.177808,0
274,"Christophers",10,26.16641,4,4,6.519449,0
274,"MadCows",10,26.79077,4,5,3.752974,0
275,"Freebirds",58,5.103611,3,0,1.582237,0
275,"MamasPizza",58,6.127498,3,1,3.375122,0
275,"CafeEccell",58,7.588878,3,2,4.871208,0
275,"LosNortenos",58,10.39054,3,3,1.565189,0
275,"WingsNmore",58,7.922581,3,2,5.244105,0
275,"Christophers",58,22.98696,3,4,7.036165,1
275,"MadCows",58,25.6572,3,5,8.54936,0
276,"Freebirds",10,5.156126,2,0,3.817612,0
276,"MamasPizza",10,6.414167,2,1,2.255018,0
276,"CafeEccell",10,8.08717,2,2,3.038603,1
276,"LosNortenos",10,10.18235,2,3,6.288691,0
276,"WingsNmore",10,9.519366,2,2,4.169305,0
276,"Christophers",10,28.08992,2,4,6.006299,0
276,"MadCows",10,27.69623,2,5,5.635831,0
277,"Freebirds",79,5.29731,2,0,2.611093,0
277,"MamasPizza",79,5.640495,2,1,2.718936,0
277,"CafeEccell",79,8.016232,2,2,5.661924,1
277,"LosNortenos",79,9.520484,2,3,5.247244,0
277,"WingsNmore",79,8.519111,2,2,3.964308,0
277,"Christophers",79,25.20279,2,4,3.687777,0
277,"MadCows",79,27.33081,2,5,10.1028,0
278,"Freebirds",42,5.042645,2,0,4.086649,0
278,"MamasPizza",42,5.893574,2,1,1.305155,0
278,"CafeEccell",42,7.667796,2,2,3.776532,0
278,"LosNortenos",42,10.06055,2,3,5.89212,1
278,"WingsNmore",42,8.545255,2,2,7.108432,0
278,"Christophers",42,25.78219,2,4,10.20919,0
278,"MadCows",42,25.88415,2,5,8.7295,0
279,"Freebirds",76,5.147439,4,0,3.209476,0
279,"MamasPizza",76,5.317471,4,1,2.737262,0
279,"CafeEccell",76,7.099998,4,2,4.897679,1
279,"LosNortenos",76,9.823332,4,3,3.613099,0
279,"WingsNmore",76,8.747303,4,2,3.470166,0
279,"Christophers",76,26.8111,4,4,3.925432,0
279,"MadCows",76,26.84617,4,5,3.626948,0
280,"Freebirds",38,4.989373,3,0,3.819304,0
280,"MamasPizza",38,6.312461,3,1,2.68989,0
280,"CafeEccell",38,7.984141,3,2,4.039967,0
280,"LosNortenos",38,9.744856,3,3,6.41713,0
280,"WingsNmore",38,9.668692,3,2,5.28031,1
280,"Christophers",38,24.32147,3,4,7.934073,0
280,"MadCows",38,26.2266,3,5,5.882563,0
281,"Freebirds",49,4.437205,3,0,1.980097,0
281,"MamasPizza",49,6.246876,3,1,3.212171,0
281,"CafeEccell",49,7.574359,3,2,2.490063,1
281,"LosNortenos",49,9.766222,3,3,3.970503,0
281,"WingsNmore",49,8.288102,3,2,5.964602,0
281,"Christophers",49,22.38224,3,4,9.713402,0
281,"MadCows",49,27.38463,3,5,4.205678,0
282,"Freebirds",39,5.302294,4,0,5.03073,0
282,"MamasPizza",39,6.130844,4,1,2.057063,0
282,"CafeEccell",39,7.198757,4,2,6.168681,0
282,"LosNortenos",39,10.03502,4,3,5.970019,0
282,"WingsNmore",39,8.971098,4,2,2.539855,1
282,"Christophers",39,22.30352,4,4,7.684156,0
282,"MadCows",39,26.86503,4,5,5.375751,0
283,"Freebirds",65,5.056939,0,0,3.28939,0
283,"MamasPizza",65,6.147511,0,1,4.409591,0
283,"CafeEccell",65,7.526207,0,2,4.465954,1
283,"LosNortenos",65,10.10915,0,3,5.744741,0
283,"WingsNmore",65,8.385858,0,2,5.837843,0
283,"Christophers",65,28.24198,0,4,8.386336,0
283,"MadCows",65,26.6557,0,5,5.153979,0
284,"Freebirds",10,4.859929,3,0,2.3243,0
284,"MamasPizza",10,6.448128,3,1,1.706392,0
284,"CafeEccell",10,8.08842,3,2,2.281909,1
284,"LosNortenos",10,9.773883,3,3,6.327945,0
284,"WingsNmore",10,9.301103,3,2,4.605334,0
284,"Christophers",10,27.39143,3,4,9.797604,0
284,"MadCows",10,29.51341,3,5,7.502246,0
285,"Freebirds",44,4.405881,1,0,3.308514,0
285,"MamasPizza",44,5.646492,1,1,3.381371,0
285,"CafeEccell",44,9.040102,1,2,5.279891,1
285,"LosNortenos",44,9.97515,1,3,6.240624,0
285,"WingsNmore",44,9.251186,1,2,5.410565,0
285,"Christophers",44,27.64872,1,4,7.734361,0
285,"MadCows",44,27.44773,1,5,6.636221,0
286,"Freebirds",10,4.727909,1,0,3.03533,0
286,"MamasPizza",10,5.397549,1,1,3.250287,0
286,"CafeEccell",10,7.620895,1,2,4.434026,0
286,"LosNortenos",10,10.13246,1,3,4.594666,0
286,"WingsNmore",10,7.959236,1,2,5.172967,0
286,"Christophers",10,21.02254,1,4,5.048882,0
286,"MadCows",10,26.52404,1,5,8.911933,1
287,"Freebirds",10,5.281123,2,0,2.788464,0
287,"MamasPizza",10,5.635064,2,1,3.471093,0
287,"CafeEccell",10,7.929524,2,2,3.559395,0
287,"LosNortenos",10,9.943491,2,3,5.859781,0
287,"WingsNmore",10,8.939554,2,2,4.44897,0
287,"Christophers",10,26.01881,2,4,5.16327,1
287,"MadCows",10,27.14108,2,5,6.226622,0
288,"Freebirds",44,5.114305,4,0,4.297616,0
288,"MamasPizza",44,6.00311,4,1,1.976681,0
288,"CafeEccell",44,7.820274,4,2,5.701571,0
288,"LosNortenos",44,10.08559,4,3,7.72538,0
288,"WingsNmore",44,9.635496,4,2,5.792727,1
288,"Christophers",44,24.0502,4,4,10.10325,0
288,"MadCows",44,24.9781,4,5,5.633738,0
289,"Freebirds",23,5.282404,5,0,3.049514,0
289,"MamasPizza",23,6.080979,5,1,1.885318,1
289,"CafeEccell",23,8.959334,5,2,6.415903,0
289,"LosNortenos",23,10.29666,5,3,5.45516,0
289,"WingsNmore",23,9.679988,5,2,6.12849,0
289,"Christophers",23,21.5327,5,4,7.81965,0
289,"MadCows",23,26.25426,5,5,6.029539,0
290,"Freebirds",24,4.972381,2,0,1.731649,0
290,"MamasPizza",24,6.515733,2,1,3.828841,0
290,"CafeEccell",24,7.485772,2,2,5.857189,0
290,"LosNortenos",24,9.687508,2,3,5.542645,0
290,"WingsNmore",24,9.547541,2,2,6.103353,1
290,"Christophers",24,22.77356,2,4,7.05434,0
290,"MadCows",24,24.67982,2,5,8.783658,0
291,"Freebirds",40,5.434412,0,0,2.015656,0
291,"MamasPizza",40,6.137077,0,1,4.292842,0
291,"CafeEccell",40,8.431924,0,2,7.85401,0
291,"LosNortenos",40,9.29492,0,3,4.209235,1
291,"WingsNmore",40,8.261255,0,2,4.218113,0
291,"Christophers",40,26.54038,0,4,7.669319,0
291,"MadCows",40,28.71431,0,5,10.62309,0
292,"Freebirds",44,5.119508,1,0,1.821239,0
292,"MamasPizza",44,5.311744,1,1,3.985116,0
292,"CafeEccell",44,8.103207,1,2,3.613895,0
292,"LosNortenos",44,10.21813,1,3,5.846288,0
292,"WingsNmore",44,8.840693,1,2,5.355977,1
292,"Christophers",44,20.48056,1,4,7.421375,0
292,"MadCows",44,27.0515,1,5,5.788472,0
293,"Freebirds",81,5.371319,3,0,1.980247,0
293,"MamasPizza",81,5.749947,3,1,3.596268,0
293,"CafeEccell",81,8.071614,3,2,4.584815,1
293,"LosNortenos",81,9.710392,3,3,4.241302,0
293,"WingsNmore",81,9.266336,3,2,3.357981,0
293,"Christophers",81,26.07266,3,4,9.141263,0
293,"MadCows",81,25.63672,3,5,6.539415,0
294,"Freebirds",84,4.540563,4,0,4.457873,0
294,"MamasPizza",84,6.087954,4,1,2.414417,0
294,"CafeEccell",84,7.60852,4,2,6.495654,0
294,"LosNortenos",84,9.450915,4,3,4.71234,1
294,"WingsNmore",84,9.314941,4,2,7.245397,0
294,"Christophers",84,23.116,4,4,6.596071,0
294,"MadCows",84,24.96274,4,5,8.414916,0
295,"Freebirds",17,4.901062,5,0,3.169621,0
295,"MamasPizza",17,5.226415,5,1,3.223367,0
295,"CafeEccell",17,7.913912,5,2,4.29301,0
295,"LosNortenos",17,9.751001,5,3,3.252122,1
295,"WingsNmore",17,8.877013,5,2,6.372323,0
295,"Christophers",17,20.50402,5,4,6.820609,0
295,"MadCows",17,28.56784,5,5,6.865374,0
296,"Freebirds",21,5.184966,5,0,3.560352,0
296,"MamasPizza",21,5.933194,5,1,3.278611,0
296,"CafeEccell",21,7.637019,5,2,4.28009,0
296,"LosNortenos",21,9.75153,5,3,6.155315,1
296,"WingsNmore",21,8.753633,5,2,5.630508,0
296,"Christophers",21,24.35378,5,4,5.430172,0
296,"MadCows",21,28.35621,5,5,8.702069,0
297,"Freebirds",10,4.956151,3,0,5.61576,0
297,"MamasPizza",10,5.951444,3,1,4.106592,0
297,"CafeEccell",10,7.242185,3,2,5.759505,0
297,"LosNortenos",10,10.24433,3,3,7.471511,0
297,"WingsNmore",10,9.153974,3,2,5.818614,1
297,"Christophers",10,27.87059,3,4,10.74397,0
297,"MadCows",10,25.24662,3,5,7.468904,0
298,"Freebirds",30,5.022261,3,0,2.728961,0
298,"MamasPizza",30,7.015625,3,1,3.37419,0
298,"CafeEccell",30,8.475556,3,2,6.472204,1
298,"LosNortenos",30,9.310222,3,3,5.749549,0
298,"WingsNmore",30,9.253789,3,2,3.739162,0
298,"Christophers",30,26.02823,3,4,6.996263,0
298,"MadCows",30,28.76339,3,5,3.551124,0
299,"Freebirds",85,4.935406,3,0,2.165242,0
299,"MamasPizza",85,6.118127,3,1,2.947169,0
299,"CafeEccell",85,8.803385,3,2,4.292313,1
299,"LosNortenos",85,10.38317,3,3,5.617225,0
299,"WingsNmore",85,8.690207,3,2,5.551427,0
299,"Christophers",85,28.22984,3,4,5.978326,0
299,"MadCows",85,30.86084,3,5,9.622375,0
300,"Freebirds",58,4.747387,5,0,3.566854,0
300,"MamasPizza",58,5.746266,5,1,2.07408,0
300,"CafeEccell",58,8.111651,5,2,4.984931,1
300,"LosNortenos",58,9.337519,5,3,4.88524,0
300,"WingsNmore",58,8.197119,5,2,3.981725,0
300,"Christophers",58,24.31967,5,4,7.769288,0
300,"MadCows",58,27.95618,5,5,3.902055,0
